보스,보스타임시작,처치시각,분
에이션트자이언트,2026-08-29 06:30,2026-08-29 07:21:31,51.5
에이션트자이언트,2026-08-29 10:30,2026-08-29 11:56:20,86.3
에이션트자이언트,2026-08-29 14:30,2026-08-29 14:45:46,15.8
에이션트자이언트,2026-08-29 18:30,2026-08-29 19:46:47,76.8
에이션트자이언트,2026-08-29 22:30,2026-08-30 00:31:11,121.2
에이션트자이언트,2026-08-30 02:30,2026-08-30 02:45:22,15.4
에이션트자이언트,2026-08-30 06:30,2026-08-30 06:46:06,16.1
에이션트자이언트,2026-08-30 10:30,2026-08-30 10:47:43,17.7
에이션트자이언트,2026-08-30 14:30,2026-08-30 15:48:57,79.0
에이션트자이언트,2026-08-30 18:30,2026-08-30 19:40:45,70.8
에이션트자이언트,2026-08-30 22:30,2026-08-30 23:11:27,41.5
에이션트자이언트,2026-08-31 02:30,2026-08-31 04:53:49,143.8
에이션트자이언트,2026-08-31 06:30,2026-08-31 06:54:16,24.3
에이션트자이언트,2026-08-31 10:30,2026-08-31 10:56:25,26.4
에이션트자이언트,2026-08-31 14:30,2026-08-31 16:04:31,94.5
에이션트자이언트,2026-08-31 18:30,2026-08-31 19:05:10,35.2
에이션트자이언트,2026-08-31 22:30,2026-09-01 00:46:10,136.2
에이션트자이언트,2026-09-01 02:30,2026-09-01 04:08:17,98.3
에이션트자이언트,2026-09-01 06:30,2026-09-01 08:39:40,129.7
에이션트자이언트,2026-09-01 10:30,2026-09-01 12:56:51,146.8
에이션트자이언트,2026-09-01 14:30,2026-09-01 15:43:14,73.2
에이션트자이언트,2026-09-01 18:30,2026-09-01 20:34:14,124.2
데스나이트,2026-09-01 21:30,2026-09-01 22:25:05,55.1
에이션트자이언트,2026-09-01 22:30,2026-09-01 23:44:24,74.4
에이션트자이언트,2026-09-02 02:30,2026-09-02 02:51:28,21.5
데스나이트,2026-09-02 02:00,2026-09-02 03:30:51,90.8
데스나이트,2026-09-02 06:30,2026-09-02 06:43:28,13.5
에이션트자이언트,2026-09-02 06:30,2026-09-02 08:53:01,143.0
에이션트자이언트,2026-09-02 10:30,2026-09-02 11:10:51,40.9
데스나이트,2026-09-02 11:00,2026-09-02 12:31:45,91.8
에이션트자이언트,2026-09-02 14:30,2026-09-02 14:52:26,22.4
데스나이트,2026-09-02 15:30,2026-09-02 17:09:22,99.4
에이션트자이언트,2026-09-02 18:30,2026-09-02 18:42:12,12.2
데스나이트,2026-09-02 20:00,2026-09-02 20:38:12,38.2
에이션트자이언트,2026-09-02 22:30,2026-09-03 00:01:20,91.3
데스나이트,2026-09-03 00:30,2026-09-03 01:59:35,89.6
에이션트자이언트,2026-09-03 02:30,2026-09-03 02:44:05,14.1
데스나이트,2026-09-03 05:00,2026-09-03 06:42:44,102.7
에이션트자이언트,2026-09-03 06:30,2026-09-03 08:48:15,138.2
데스나이트,2026-09-03 09:30,2026-09-03 09:39:48,9.8
에이션트자이언트,2026-09-03 10:30,2026-09-03 12:00:27,90.5
에이션트자이언트,2026-09-03 14:30,2026-09-03 14:34:29,4.5
데스나이트,2026-09-03 14:00,2026-09-03 15:50:29,110.5
나이트발드,2026-09-03 17:00,2026-09-03 17:27:18,27.3
데스나이트,2026-09-03 18:30,2026-09-03 19:25:44,55.7
에이션트자이언트,2026-09-03 18:30,2026-09-03 19:55:53,85.9
나이트발드,2026-09-03 20:30,2026-09-03 20:42:42,12.7
에이션트자이언트,2026-09-03 22:30,2026-09-04 00:10:10,100.2
데스나이트,2026-09-03 23:00,2026-09-04 00:22:28,82.5
나이트발드,2026-09-04 00:00,2026-09-04 01:07:32,67.5
에이션트자이언트,2026-09-04 02:30,2026-09-04 03:03:49,33.8
나이트발드,2026-09-04 03:30,2026-09-04 04:18:49,48.8
데스나이트,2026-09-04 03:30,2026-09-04 04:50:28,80.5
나이트발드,2026-09-04 07:00,2026-09-04 07:41:36,41.6
에이션트자이언트,2026-09-04 06:30,2026-09-04 07:49:51,79.8
데스나이트,2026-09-04 08:00,2026-09-04 08:52:48,52.8
에이션트자이언트,2026-09-04 10:30,2026-09-04 11:14:23,44.4
데스나이트,2026-09-04 08:00,2026-09-04 11:22:06,202.1
나이트발드,2026-09-04 10:30,2026-09-04 11:43:09,73.2
데스나이트,2026-09-04 12:30,2026-09-04 13:28:54,58.9
나이트발드,2026-09-04 14:00,2026-09-04 15:27:07,87.1
에이션트자이언트,2026-09-04 14:30,2026-09-04 15:45:02,75.0
데스나이트,2026-09-04 17:00,2026-09-04 17:26:53,26.9
나이트발드,2026-09-04 17:30,2026-09-04 18:23:16,53.3
에이션트자이언트,2026-09-04 18:30,2026-09-04 19:14:49,44.8
나이트발드,2026-09-04 21:00,2026-09-04 22:18:35,78.6
데스나이트,2026-09-04 21:30,2026-09-04 22:21:05,51.1
에이션트자이언트,2026-09-04 22:30,2026-09-05 00:35:04,125.1
나이트발드,2026-09-05 00:30,2026-09-05 01:12:51,42.9
에이션트자이언트,2026-09-05 02:30,2026-09-05 02:49:25,19.4
데스나이트,2026-09-05 02:00,2026-09-05 02:54:38,54.6
나이트발드,2026-09-05 04:00,2026-09-05 04:21:02,21.0
데스나이트,2026-09-05 06:30,2026-09-05 07:11:21,41.4
에이션트자이언트,2026-09-05 06:30,2026-09-05 07:27:48,57.8
나이트발드,2026-09-05 07:30,2026-09-05 08:54:15,84.2
에이션트자이언트,2026-09-05 10:30,2026-09-05 11:11:45,41.8
데스나이트,2026-09-05 11:00,2026-09-05 11:40:43,40.7
나이트발드,2026-09-05 11:00,2026-09-05 11:41:59,42.0
나이트발드,2026-09-05 14:30,2026-09-05 15:30:27,60.5
데스나이트,2026-09-05 15:30,2026-09-05 15:44:21,14.3
에이션트자이언트,2026-09-05 14:30,2026-09-05 16:05:47,95.8
나이트발드,2026-09-05 18:00,2026-09-05 18:21:42,21.7
에이션트자이언트,2026-09-05 18:30,2026-09-05 18:47:32,17.5
데스나이트,2026-09-05 20:00,2026-09-05 20:16:48,16.8
나이트발드,2026-09-05 21:30,2026-09-05 22:58:14,88.2
에이션트자이언트,2026-09-05 22:30,2026-09-05 23:37:41,67.7
데스나이트,2026-09-06 00:30,2026-09-06 01:36:24,66.4
나이트발드,2026-09-06 01:00,2026-09-06 01:49:01,49.0
에이션트자이언트,2026-09-06 02:30,2026-09-06 03:06:51,36.9
나이트발드,2026-09-06 04:30,2026-09-06 05:00:16,30.3
데스나이트,2026-09-06 05:00,2026-09-06 05:30:53,30.9
에이션트자이언트,2026-09-06 06:30,2026-09-06 06:42:20,12.3
나이트발드,2026-09-06 08:00,2026-09-06 09:05:41,65.7
데스나이트,2026-09-06 09:30,2026-09-06 11:26:28,116.5
나이트발드,2026-09-06 11:30,2026-09-06 12:07:56,37.9
에이션트자이언트,2026-09-06 10:30,2026-09-06 12:20:05,110.1
데스나이트,2026-09-06 14:00,2026-09-06 14:29:26,29.4
나이트발드,2026-09-06 15:00,2026-09-06 16:23:21,83.3
에이션트자이언트,2026-09-06 14:30,2026-09-06 16:35:49,125.8
에이션트자이언트,2026-09-06 18:30,2026-09-06 18:45:58,16.0
데스나이트,2026-09-06 18:30,2026-09-06 18:54:00,24.0
나이트발드,2026-09-06 18:30,2026-09-06 19:02:09,32.1
나이트발드,2026-09-06 22:00,2026-09-06 22:30:41,30.7
에이션트자이언트,2026-09-06 22:30,2026-09-06 22:51:38,21.6
데스나이트,2026-09-06 23:00,2026-09-07 00:16:34,76.6
나이트발드,2026-09-07 01:30,2026-09-07 02:49:43,79.7
에이션트자이언트,2026-09-07 02:30,2026-09-07 04:16:17,106.3
데스나이트,2026-09-07 03:30,2026-09-07 04:52:06,82.1
나이트발드,2026-09-07 05:00,2026-09-07 05:33:10,33.2
에이션트자이언트,2026-09-07 06:30,2026-09-07 08:39:29,129.5
데스나이트,2026-09-07 08:00,2026-09-07 09:38:43,98.7
나이트발드,2026-09-07 08:30,2026-09-07 09:47:31,77.5
에이션트자이언트,2026-09-07 10:30,2026-09-07 12:03:42,93.7
나이트발드,2026-09-07 12:00,2026-09-07 12:14:50,14.8
데스나이트,2026-09-07 12:30,2026-09-07 13:28:01,58.0
에이션트자이언트,2026-09-07 14:30,2026-09-07 14:59:47,29.8
나이트발드,2026-09-07 15:30,2026-09-07 16:22:26,52.4
데스나이트,2026-09-07 17:00,2026-09-07 17:08:26,8.4
에이션트자이언트,2026-09-07 18:30,2026-09-07 19:54:45,84.8
나이트발드,2026-09-07 19:00,2026-09-07 20:12:18,72.3
나이트발드,2026-09-07 22:30,2026-09-07 22:56:57,26.9
데스나이트,2026-09-07 21:30,2026-09-07 23:06:39,96.7
에이션트자이언트,2026-09-07 22:30,2026-09-08 00:20:22,110.4
나이트발드,2026-09-08 02:00,2026-09-08 03:16:55,76.9
데스나이트,2026-09-08 02:00,2026-09-08 03:17:06,77.1
에이션트자이언트,2026-09-08 02:30,2026-09-08 04:22:49,112.8
나이트발드,2026-09-08 05:30,2026-09-08 06:25:02,55.0
데스나이트,2026-09-08 06:30,2026-09-08 07:46:34,76.6
에이션트자이언트,2026-09-08 06:30,2026-09-08 08:33:50,123.8
나이트발드,2026-09-08 09:00,2026-09-08 09:51:57,52.0
데스나이트,2026-09-08 11:00,2026-09-08 11:40:35,40.6
에이션트자이언트,2026-09-08 10:30,2026-09-08 11:45:14,75.2
나이트발드,2026-09-08 12:30,2026-09-08 13:00:38,30.6
에이션트자이언트,2026-09-08 14:30,2026-09-08 15:31:43,61.7
데스나이트,2026-09-08 15:30,2026-09-08 16:18:00,48.0
나이트발드,2026-09-08 16:00,2026-09-08 17:24:08,84.1
나이트발드,2026-09-08 19:30,2026-09-08 20:25:09,55.1
에이션트자이언트,2026-09-08 18:30,2026-09-08 20:31:45,121.8
데스나이트,2026-09-08 20:00,2026-09-08 21:21:01,81.0
나이트발드,2026-09-08 23:00,2026-09-08 23:18:21,18.4
에이션트자이언트,2026-09-08 22:30,2026-09-08 23:50:33,80.5
나이트발드,2026-09-08 23:00,2026-09-09 00:27:37,87.6
데스나이트,2026-09-09 00:30,2026-09-09 02:23:35,113.6
나이트발드,2026-09-09 02:30,2026-09-09 03:03:39,33.6
에이션트자이언트,2026-09-09 02:30,2026-09-09 04:03:45,93.8
데스나이트,2026-09-09 05:00,2026-09-09 06:31:17,91.3
나이트발드,2026-09-09 06:00,2026-09-09 06:47:00,47.0
좀비로드,2026-09-09 06:00,2026-09-09 07:26:10,86.2
에이션트자이언트,2026-09-09 06:30,2026-09-09 07:33:24,63.4
좀비로드,2026-09-09 09:30,2026-09-09 10:45:38,75.6
나이트발드,2026-09-09 09:30,2026-09-09 10:56:00,86.0
데스나이트,2026-09-09 09:30,2026-09-09 11:07:31,97.5
에이션트자이언트,2026-09-09 10:30,2026-09-09 11:27:22,57.4
좀비로드,2026-09-09 13:00,2026-09-09 13:31:56,31.9
나이트발드,2026-09-09 13:00,2026-09-09 13:42:03,42.0
데스나이트,2026-09-09 14:00,2026-09-09 15:11:34,71.6
에이션트자이언트,2026-09-09 14:30,2026-09-09 16:04:35,94.6
좀비로드,2026-09-09 16:30,2026-09-09 16:55:52,25.9
나이트발드,2026-09-09 16:30,2026-09-09 17:28:29,58.5
데스나이트,2026-09-09 18:30,2026-09-09 18:50:57,20.9
에이션트자이언트,2026-09-09 18:30,2026-09-09 19:21:41,51.7
나이트발드,2026-09-09 20:00,2026-09-09 20:42:42,42.7
좀비로드,2026-09-09 20:00,2026-09-09 21:22:07,82.1
데스나이트,2026-09-09 23:00,2026-09-09 23:22:33,22.6
나이트발드,2026-09-09 23:30,2026-09-09 23:41:47,11.8
좀비로드,2026-09-09 23:30,2026-09-10 00:28:25,58.4
에이션트자이언트,2026-09-09 22:30,2026-09-10 00:48:56,138.9
에이션트자이언트,2026-09-10 02:30,2026-09-10 02:50:47,20.8
좀비로드,2026-09-10 03:00,2026-09-10 03:37:48,37.8
나이트발드,2026-09-10 03:00,2026-09-10 03:50:26,50.4
데스나이트,2026-09-10 03:30,2026-09-10 04:14:07,44.1
쿠거,2026-09-10 03:00,2026-09-10 04:35:40,95.7
나이트발드,2026-09-10 06:30,2026-09-10 07:09:35,39.6
에이션트자이언트,2026-09-10 06:30,2026-09-10 07:11:35,41.6
쿠거,2026-09-10 06:30,2026-09-10 07:47:22,77.4
좀비로드,2026-09-10 06:30,2026-09-10 07:56:33,86.5
데스나이트,2026-09-10 08:00,2026-09-10 09:34:11,94.2
에이션트자이언트,2026-09-10 10:30,2026-09-10 11:06:13,36.2
쿠거,2026-09-10 10:00,2026-09-10 11:17:15,77.2
좀비로드,2026-09-10 10:00,2026-09-10 11:20:26,80.4
나이트발드,2026-09-10 10:00,2026-09-10 11:22:56,82.9
데스나이트,2026-09-10 12:30,2026-09-10 14:00:52,90.9
쿠거,2026-09-10 13:30,2026-09-10 14:15:48,45.8
좀비로드,2026-09-10 13:30,2026-09-10 14:25:19,55.3
나이트발드,2026-09-10 13:30,2026-09-10 14:40:27,70.5
에이션트자이언트,2026-09-10 14:30,2026-09-10 16:12:34,102.6
데스나이트,2026-09-10 17:00,2026-09-10 17:27:11,27.2
나이트발드,2026-09-10 17:00,2026-09-10 17:54:56,54.9
쿠거,2026-09-10 17:00,2026-09-10 18:00:30,60.5
좀비로드,2026-09-10 17:00,2026-09-10 18:23:16,83.3
에이션트자이언트,2026-09-10 18:30,2026-09-10 19:14:32,44.5
나이트발드,2026-09-10 17:00,2026-09-10 19:34:14,154.2
나이트발드,2026-09-10 20:30,2026-09-10 21:10:21,40.4
쿠거,2026-09-10 20:30,2026-09-10 21:21:21,51.4
사신,2026-09-10 20:30,2026-09-10 21:32:47,62.8
좀비로드,2026-09-10 20:30,2026-09-10 21:38:40,68.7
머미로드,2026-09-10 20:30,2026-09-10 21:56:39,86.7
에이션트자이언트,2026-09-10 22:30,2026-09-10 22:46:31,16.5
데스나이트,2026-09-10 21:30,2026-09-10 23:09:22,99.4
나이트발드,2026-09-11 00:00,2026-09-11 00:33:43,33.7
머미로드,2026-09-11 00:00,2026-09-11 00:34:01,34.0
쿠거,2026-09-11 00:00,2026-09-11 00:44:03,44.0
좀비로드,2026-09-11 00:00,2026-09-11 00:59:39,59.6
사신,2026-09-11 00:00,2026-09-11 01:54:08,114.1
데스나이트,2026-09-11 02:00,2026-09-11 02:50:45,50.8
에이션트자이언트,2026-09-11 02:30,2026-09-11 03:57:36,87.6
나이트발드,2026-09-11 03:30,2026-09-11 04:28:33,58.5
쿠거,2026-09-11 03:30,2026-09-11 04:57:26,87.4
좀비로드,2026-09-11 03:30,2026-09-11 05:01:39,91.7
머미로드,2026-09-11 03:30,2026-09-11 05:06:26,96.4
사신,2026-09-11 03:30,2026-09-11 05:28:53,118.9
에이션트자이언트,2026-09-11 06:30,2026-09-11 07:06:51,36.9
머미로드,2026-09-11 07:00,2026-09-11 07:18:23,18.4
데스나이트,2026-09-11 06:30,2026-09-11 07:36:19,66.3
사신,2026-09-11 07:00,2026-09-11 07:54:12,54.2
좀비로드,2026-09-11 07:00,2026-09-11 07:58:46,58.8
나이트발드,2026-09-11 07:00,2026-09-11 08:12:02,72.0
쿠거,2026-09-11 07:00,2026-09-11 08:16:34,76.6
머미로드,2026-09-11 10:30,2026-09-11 11:02:42,32.7
좀비로드,2026-09-11 10:30,2026-09-11 11:06:20,36.3
에이션트자이언트,2026-09-11 10:30,2026-09-11 11:11:29,41.5
머미로드,2026-09-11 10:30,2026-09-11 11:20:01,50.0
머미로드,2026-09-11 10:30,2026-09-11 11:33:16,63.3
쿠거,2026-09-11 10:30,2026-09-11 11:33:34,63.6
나이트발드,2026-09-11 10:30,2026-09-11 11:46:03,76.0
사신,2026-09-11 10:30,2026-09-11 12:06:42,96.7
데스나이트,2026-09-11 11:00,2026-09-11 12:58:10,118.2
머미로드,2026-09-11 14:00,2026-09-11 14:38:39,38.6
에이션트자이언트,2026-09-11 14:30,2026-09-11 15:17:26,47.4
쿠거,2026-09-11 14:00,2026-09-11 15:21:59,82.0
나이트발드,2026-09-11 14:00,2026-09-11 15:22:03,82.0
좀비로드,2026-09-11 14:00,2026-09-11 15:25:21,85.3
사신,2026-09-11 14:00,2026-09-11 15:33:56,93.9
데스나이트,2026-09-11 15:30,2026-09-11 17:28:05,118.1
나이트발드,2026-09-11 17:30,2026-09-11 17:50:15,20.2
좀비로드,2026-09-11 17:30,2026-09-11 18:19:20,49.3
머미로드,2026-09-11 17:30,2026-09-11 18:37:29,67.5
쿠거,2026-09-11 17:30,2026-09-11 18:52:03,82.0
사신,2026-09-11 17:30,2026-09-11 19:01:41,91.7
좀비로드,2026-09-11 17:30,2026-09-11 19:17:48,107.8
에이션트자이언트,2026-09-11 18:30,2026-09-11 19:59:14,89.2
나이트발드,2026-09-11 21:00,2026-09-11 21:10:11,10.2
좀비로드,2026-09-11 21:00,2026-09-11 21:16:38,16.6
머미로드,2026-09-11 21:00,2026-09-11 21:40:11,40.2
데스나이트,2026-09-11 20:00,2026-09-11 21:44:16,104.3
사신,2026-09-11 21:00,2026-09-11 21:50:03,50.0
쿠거,2026-09-11 21:00,2026-09-11 22:04:49,64.8
에이션트자이언트,2026-09-11 22:30,2026-09-11 23:19:11,49.2
쿠거,2026-09-12 00:30,2026-09-12 01:20:57,51.0
데스나이트,2026-09-12 00:30,2026-09-12 01:22:31,52.5
머미로드,2026-09-12 00:30,2026-09-12 01:29:31,59.5
좀비로드,2026-09-12 00:30,2026-09-12 01:34:06,64.1
나이트발드,2026-09-12 00:30,2026-09-12 01:55:26,85.4
사신,2026-09-12 00:30,2026-09-12 01:59:37,89.6
에이션트자이언트,2026-09-12 02:30,2026-09-12 02:43:55,13.9
나이트발드,2026-09-12 04:00,2026-09-12 04:18:18,18.3
좀비로드,2026-09-12 04:00,2026-09-12 04:27:09,27.1
쿠거,2026-09-12 04:00,2026-09-12 04:48:17,48.3
사신,2026-09-12 04:00,2026-09-12 04:58:22,58.4
머미로드,2026-09-12 04:00,2026-09-12 05:31:13,91.2
데스나이트,2026-09-12 05:00,2026-09-12 06:48:37,108.6
나이트발드,2026-09-12 07:30,2026-09-12 07:59:32,29.5
쿠거,2026-09-12 07:30,2026-09-12 08:13:14,43.2
에이션트자이언트,2026-09-12 06:30,2026-09-12 08:48:52,138.9
좀비로드,2026-09-12 07:30,2026-09-12 08:55:19,85.3
머미로드,2026-09-12 07:30,2026-09-12 08:57:50,87.8
사신,2026-09-12 07:30,2026-09-12 09:18:00,108.0
데스나이트,2026-09-12 09:30,2026-09-12 10:35:56,65.9
아이리스,2026-09-12 11:00,2026-09-12 11:24:31,24.5
머미로드,2026-09-12 11:00,2026-09-12 11:32:58,33.0
에이션트자이언트,2026-09-12 10:30,2026-09-12 11:39:27,69.5
뱀파이어,2026-09-12 11:00,2026-09-12 12:10:30,70.5
좀비로드,2026-09-12 11:00,2026-09-12 12:22:48,82.8
사신,2026-09-12 11:00,2026-09-12 12:24:47,84.8
나이트발드,2026-09-12 11:00,2026-09-12 12:27:39,87.7
쿠거,2026-09-12 11:00,2026-09-12 12:28:57,89.0
데스나이트,2026-09-12 14:00,2026-09-12 14:28:18,28.3
좀비로드,2026-09-12 14:30,2026-09-12 14:54:35,24.6
아이리스,2026-09-12 14:30,2026-09-12 15:06:25,36.4
사신,2026-09-12 14:30,2026-09-12 15:09:35,39.6
머미로드,2026-09-12 14:30,2026-09-12 15:20:01,50.0
뱀파이어,2026-09-12 14:30,2026-09-12 15:29:43,59.7
나이트발드,2026-09-12 14:30,2026-09-12 15:56:50,86.8
쿠거,2026-09-12 14:30,2026-09-12 16:04:02,94.0
에이션트자이언트,2026-09-12 14:30,2026-09-12 16:37:05,127.1
뱀파이어,2026-09-12 18:00,2026-09-12 18:45:24,45.4
쿠거,2026-09-12 18:00,2026-09-12 18:49:36,49.6
나이트발드,2026-09-12 18:00,2026-09-12 19:01:49,61.8
좀비로드,2026-09-12 18:00,2026-09-12 19:02:17,62.3
아이리스,2026-09-12 18:00,2026-09-12 19:10:41,70.7
뱀파이어,2026-09-12 18:00,2026-09-12 19:18:03,78.0
사신,2026-09-12 18:00,2026-09-12 19:28:49,88.8
머미로드,2026-09-12 18:00,2026-09-12 19:32:54,92.9
데스나이트,2026-09-12 18:30,2026-09-12 19:47:26,77.4
에이션트자이언트,2026-09-12 18:30,2026-09-12 20:16:07,106.1
나이트발드,2026-09-12 21:30,2026-09-12 21:46:36,16.6
아이리스,2026-09-12 21:30,2026-09-12 21:55:49,25.8
머미로드,2026-09-12 21:30,2026-09-12 22:04:06,34.1
쿠거,2026-09-12 21:30,2026-09-12 22:10:26,40.4
좀비로드,2026-09-12 21:30,2026-09-12 22:29:29,59.5
뱀파이어,2026-09-12 21:30,2026-09-12 22:35:01,65.0
에이션트자이언트,2026-09-12 22:30,2026-09-12 22:40:44,10.7
사신,2026-09-12 21:30,2026-09-12 22:48:04,78.1
데스나이트,2026-09-12 23:00,2026-09-12 23:52:51,52.9
머미로드,2026-09-13 01:00,2026-09-13 01:55:57,56.0
리치,2026-09-13 01:00,2026-09-13 02:03:02,63.0
나이트발드,2026-09-13 01:00,2026-09-13 02:06:32,66.5
뱀파이어,2026-09-13 01:00,2026-09-13 02:10:09,70.2
사신,2026-09-13 01:00,2026-09-13 02:12:53,72.9
아이리스,2026-09-13 01:00,2026-09-13 02:18:52,78.9
쿠거,2026-09-13 01:00,2026-09-13 02:34:29,94.5
좀비로드,2026-09-13 01:00,2026-09-13 02:37:28,97.5
에이션트자이언트,2026-09-13 02:30,2026-09-13 02:50:22,20.4
데스나이트,2026-09-13 03:30,2026-09-13 03:48:11,18.2
쿠거,2026-09-13 04:30,2026-09-13 05:06:12,36.2
나이트발드,2026-09-13 04:30,2026-09-13 05:27:42,57.7
좀비로드,2026-09-13 04:30,2026-09-13 05:33:21,63.4
사신,2026-09-13 04:30,2026-09-13 05:44:16,74.3
뱀파이어,2026-09-13 04:30,2026-09-13 05:59:59,90.0
아이리스,2026-09-13 04:30,2026-09-13 06:02:19,92.3
리치,2026-09-13 04:30,2026-09-13 06:04:00,94.0
머미로드,2026-09-13 04:30,2026-09-13 06:09:31,99.5
에이션트자이언트,2026-09-13 06:30,2026-09-13 07:29:20,59.3
머미로드,2026-09-13 08:00,2026-09-13 08:28:31,28.5
나이트발드,2026-09-13 08:00,2026-09-13 08:40:59,41.0
뱀파이어,2026-09-13 08:00,2026-09-13 08:48:23,48.4
사신,2026-09-13 08:00,2026-09-13 08:49:14,49.2
좀비로드,2026-09-13 08:00,2026-09-13 08:55:11,55.2
아이리스,2026-09-13 08:00,2026-09-13 08:55:23,55.4
쿠거,2026-09-13 08:00,2026-09-13 08:59:31,59.5
데스나이트,2026-09-13 08:00,2026-09-13 09:21:53,81.9
리치,2026-09-13 08:00,2026-09-13 09:39:28,99.5
좀비로드,2026-09-13 11:30,2026-09-13 11:57:58,28.0
리치,2026-09-13 11:30,2026-09-13 12:06:32,36.5
머미로드,2026-09-13 11:30,2026-09-13 12:10:55,40.9
뱀파이어,2026-09-13 11:30,2026-09-13 12:11:46,41.8
사신,2026-09-13 11:30,2026-09-13 12:12:49,42.8
아이리스,2026-09-13 11:30,2026-09-13 12:16:35,46.6
나이트발드,2026-09-13 11:30,2026-09-13 12:28:38,58.6
에이션트자이언트,2026-09-13 10:30,2026-09-13 12:44:45,134.8
쿠거,2026-09-13 11:30,2026-09-13 12:46:35,76.6
아이리스,2026-09-13 11:30,2026-09-13 14:18:01,168.0
데스나이트,2026-09-13 12:30,2026-09-13 14:26:15,116.2
에이션트자이언트,2026-09-13 14:30,2026-09-13 14:43:23,13.4
나이트발드,2026-09-13 15:00,2026-09-13 15:50:16,50.3
머미로드,2026-09-13 15:00,2026-09-13 16:14:17,74.3
뱀파이어,2026-09-13 15:00,2026-09-13 16:15:43,75.7
좀비로드,2026-09-13 15:00,2026-09-13 16:17:57,78.0
쿠거,2026-09-13 15:00,2026-09-13 16:24:11,84.2
아이리스,2026-09-13 15:00,2026-09-13 16:30:26,90.4
사신,2026-09-13 15:00,2026-09-13 16:34:19,94.3
리치,2026-09-13 15:00,2026-09-13 16:46:23,106.4
데스나이트,2026-09-13 17:00,2026-09-13 17:28:11,28.2
좀비로드,2026-09-13 18:30,2026-09-13 18:49:05,19.1
리치,2026-09-13 18:30,2026-09-13 18:50:41,20.7
쿠거,2026-09-13 18:30,2026-09-13 19:03:35,33.6
아이리스,2026-09-13 18:30,2026-09-13 19:11:48,41.8
나이트발드,2026-09-13 18:30,2026-09-13 19:27:46,57.8
에이션트자이언트,2026-09-13 18:30,2026-09-13 19:28:05,58.1
뱀파이어,2026-09-13 18:30,2026-09-13 19:35:01,65.0
사신,2026-09-13 18:30,2026-09-13 19:40:35,70.6
머미로드,2026-09-13 18:30,2026-09-13 19:55:55,85.9
데스나이트,2026-09-13 21:30,2026-09-13 22:29:48,59.8
사신,2026-09-13 22:00,2026-09-13 22:50:35,50.6
쿠거,2026-09-13 22:00,2026-09-13 22:51:11,51.2
머미로드,2026-09-13 22:00,2026-09-13 22:58:37,58.6
뱀파이어,2026-09-13 22:00,2026-09-13 22:59:15,59.2
나이트발드,2026-09-13 22:00,2026-09-13 23:05:03,65.0
아이리스,2026-09-13 22:00,2026-09-13 23:05:52,65.9
좀비로드,2026-09-13 22:00,2026-09-13 23:17:37,77.6
리치,2026-09-13 22:00,2026-09-13 23:24:14,84.2
에이션트자이언트,2026-09-13 22:30,2026-09-14 00:46:07,136.1
아이리스,2026-09-14 01:30,2026-09-14 02:07:29,37.5
머미로드,2026-09-14 01:30,2026-09-14 02:29:56,59.9
뱀파이어,2026-09-14 01:30,2026-09-14 02:43:12,73.2
좀비로드,2026-09-14 01:30,2026-09-14 02:53:50,83.8
쿠거,2026-09-14 01:30,2026-09-14 02:58:09,88.2
나이트발드,2026-09-14 01:30,2026-09-14 03:02:23,92.4
리치,2026-09-14 01:30,2026-09-14 03:11:35,101.6
사신,2026-09-14 01:30,2026-09-14 03:34:06,124.1
데스나이트,2026-09-14 02:00,2026-09-14 03:43:42,103.7
에이션트자이언트,2026-09-14 02:30,2026-09-14 04:58:13,148.2
머미로드,2026-09-14 05:00,2026-09-14 05:55:36,55.6
뱀파이어,2026-09-14 05:00,2026-09-14 06:04:37,64.6
좀비로드,2026-09-14 05:00,2026-09-14 06:21:11,81.2
쿠거,2026-09-14 05:00,2026-09-14 06:29:48,89.8
나이트발드,2026-09-14 05:00,2026-09-14 06:33:37,93.6
아이리스,2026-09-14 05:00,2026-09-14 06:42:09,102.2
리치,2026-09-14 05:00,2026-09-14 06:43:44,103.7
에이션트자이언트,2026-09-14 06:30,2026-09-14 06:52:28,22.5
사신,2026-09-14 05:00,2026-09-14 06:56:58,117.0
뱀파이어,2026-09-14 08:30,2026-09-14 09:09:37,39.6
아이리스,2026-09-14 08:30,2026-09-14 09:17:17,47.3
나이트발드,2026-09-14 08:30,2026-09-14 09:26:31,56.5
사신,2026-09-14 08:30,2026-09-14 09:35:54,65.9
쿠거,2026-09-14 08:30,2026-09-14 09:45:03,75.0
리치,2026-09-14 08:30,2026-09-14 09:55:07,85.1
좀비로드,2026-09-14 08:30,2026-09-14 09:56:03,86.0
머미로드,2026-09-14 08:30,2026-09-14 10:08:58,99.0
에이션트자이언트,2026-09-14 10:30,2026-09-14 12:16:27,106.5
좀비로드,2026-09-14 12:00,2026-09-14 12:19:00,19.0
나이트발드,2026-09-14 12:00,2026-09-14 12:19:17,19.3
머미로드,2026-09-14 12:00,2026-09-14 12:36:47,36.8
아이리스,2026-09-14 12:00,2026-09-14 12:44:21,44.4
리치,2026-09-14 12:00,2026-09-14 12:59:46,59.8
사신,2026-09-14 12:00,2026-09-14 13:00:17,60.3
뱀파이어,2026-09-14 12:00,2026-09-14 13:16:13,76.2
쿠거,2026-09-14 12:00,2026-09-14 13:30:07,90.1
아이리스,2026-09-14 15:30,2026-09-14 16:15:04,45.1
에이션트자이언트,2026-09-14 14:30,2026-09-14 16:17:01,107.0
쿠거,2026-09-14 15:30,2026-09-14 16:28:09,58.1
사신,2026-09-14 15:30,2026-09-14 16:31:37,61.6
뱀파이어,2026-09-14 15:30,2026-09-14 16:36:53,66.9
리치,2026-09-14 15:30,2026-09-14 16:55:36,85.6
나이트발드,2026-09-14 15:30,2026-09-14 16:56:15,86.2
좀비로드,2026-09-14 15:30,2026-09-14 17:03:57,94.0
머미로드,2026-09-14 15:30,2026-09-14 17:07:33,97.5
좀비로드,2026-09-14 19:00,2026-09-14 19:17:06,17.1
사신,2026-09-14 19:00,2026-09-14 19:36:09,36.1
에이션트자이언트,2026-09-14 18:30,2026-09-14 19:45:50,75.8
쿠거,2026-09-14 19:00,2026-09-14 20:09:35,69.6
뱀파이어,2026-09-14 19:00,2026-09-14 20:11:48,71.8
나이트발드,2026-09-14 19:00,2026-09-14 20:15:10,75.2
아이리스,2026-09-14 19:00,2026-09-14 20:18:49,78.8
머미로드,2026-09-14 19:00,2026-09-14 20:25:56,85.9
리치,2026-09-14 19:00,2026-09-14 20:32:11,92.2
아이리스,2026-09-14 22:30,2026-09-14 23:02:09,32.1
나이트발드,2026-09-14 22:30,2026-09-14 23:15:23,45.4
리치,2026-09-14 22:30,2026-09-14 23:20:38,50.6
뱀파이어,2026-09-14 22:30,2026-09-14 23:23:26,53.4
좀비로드,2026-09-14 22:30,2026-09-14 23:26:33,56.5
쿠거,2026-09-14 22:30,2026-09-14 23:37:06,67.1
머미로드,2026-09-14 22:30,2026-09-14 23:41:22,71.4
사신,2026-09-14 22:30,2026-09-15 00:02:26,92.4
에이션트자이언트,2026-09-14 22:30,2026-09-15 00:25:31,115.5
머미로드,2026-09-15 02:00,2026-09-15 03:18:48,78.8
나이트발드,2026-09-15 02:00,2026-09-15 03:19:07,79.1
좀비로드,2026-09-15 02:00,2026-09-15 03:20:07,80.1
뱀파이어,2026-09-15 02:00,2026-09-15 03:21:50,81.8
쿠거,2026-09-15 02:00,2026-09-15 03:24:08,84.1
아이리스,2026-09-15 02:00,2026-09-15 03:24:26,84.4
리치,2026-09-15 02:00,2026-09-15 03:31:29,91.5
에이션트자이언트,2026-09-15 02:30,2026-09-15 04:33:59,124.0
머미로드,2026-09-15 05:30,2026-09-15 06:15:01,45.0
나이트발드,2026-09-15 05:30,2026-09-15 06:17:51,47.9
쿠거,2026-09-15 05:30,2026-09-15 06:18:16,48.3
쿠거,2026-09-15 05:30,2026-09-15 06:29:12,59.2
좀비로드,2026-09-15 05:30,2026-09-15 06:35:36,65.6
아이리스,2026-09-15 05:30,2026-09-15 06:44:42,74.7
뱀파이어,2026-09-15 05:30,2026-09-15 06:46:51,76.8
사신,2026-09-15 05:30,2026-09-15 06:49:14,79.2
사신,2026-09-15 05:30,2026-09-15 07:04:02,94.0
리치,2026-09-15 05:30,2026-09-15 07:09:30,99.5
에이션트자이언트,2026-09-15 06:30,2026-09-15 07:45:50,75.8
나이트발드,2026-09-15 09:00,2026-09-15 09:29:10,29.2
사신,2026-09-15 09:00,2026-09-15 09:37:26,37.4
리치,2026-09-15 09:00,2026-09-15 10:05:57,66.0
머미로드,2026-09-15 09:00,2026-09-15 10:17:20,77.3
쿠거,2026-09-15 09:00,2026-09-15 10:18:23,78.4
뱀파이어,2026-09-15 09:00,2026-09-15 10:22:31,82.5
좀비로드,2026-09-15 09:00,2026-09-15 10:23:26,83.4
아이리스,2026-09-15 09:00,2026-09-15 10:26:00,86.0
에이션트자이언트,2026-09-15 10:30,2026-09-15 10:45:49,15.8
아이리스,2026-09-15 12:30,2026-09-15 12:57:09,27.1
사신,2026-09-15 12:30,2026-09-15 13:16:55,46.9
머미로드,2026-09-15 12:30,2026-09-15 13:30:21,60.4
리치,2026-09-15 12:30,2026-09-15 13:34:00,64.0
쿠거,2026-09-15 12:30,2026-09-15 13:35:56,65.9
나이트발드,2026-09-15 12:30,2026-09-15 13:38:03,68.0
좀비로드,2026-09-15 12:30,2026-09-15 13:38:23,68.4
뱀파이어,2026-09-15 12:30,2026-09-15 13:56:31,86.5
나이트발드,2026-09-15 16:00,2026-09-15 16:12:07,12.1
아이리스,2026-09-15 16:00,2026-09-15 16:28:43,28.7
에이션트자이언트,2026-09-15 14:30,2026-09-15 16:33:48,123.8
리치,2026-09-15 16:00,2026-09-15 16:38:10,38.2
뱀파이어,2026-09-15 16:00,2026-09-15 16:42:44,42.7
머미로드,2026-09-15 16:00,2026-09-15 17:21:00,81.0
좀비로드,2026-09-15 16:00,2026-09-15 17:23:34,83.6
쿠거,2026-09-15 16:00,2026-09-15 17:33:49,93.8
사신,2026-09-15 16:00,2026-09-15 17:36:14,96.2
에이션트자이언트,2026-09-15 18:30,2026-09-15 19:13:25,43.4
사신,2026-09-15 19:30,2026-09-15 20:07:20,37.3
머미로드,2026-09-15 19:30,2026-09-15 20:16:49,46.8
나이트발드,2026-09-15 19:30,2026-09-15 20:17:22,47.4
아이리스,2026-09-15 19:30,2026-09-15 20:21:14,51.2
리치,2026-09-15 19:30,2026-09-15 20:46:04,76.1
뱀파이어,2026-09-15 19:30,2026-09-15 20:56:46,86.8
좀비로드,2026-09-15 19:30,2026-09-15 21:01:32,91.5
쿠거,2026-09-15 19:30,2026-09-15 21:05:34,95.6
나이트발드,2026-09-15 23:00,2026-09-15 23:55:27,55.5
아이리스,2026-09-15 23:00,2026-09-16 00:07:00,67.0
뱀파이어,2026-09-15 23:00,2026-09-16 00:08:37,68.6
사신,2026-09-15 23:00,2026-09-16 00:24:27,84.5
에이션트자이언트,2026-09-15 22:30,2026-09-16 00:31:47,121.8
머미로드,2026-09-15 23:00,2026-09-16 00:33:08,93.1
리치,2026-09-15 23:00,2026-09-16 00:34:54,94.9
사신,2026-09-16 02:30,2026-09-16 03:07:28,37.5
좀비로드,2026-09-16 02:30,2026-09-16 03:22:01,52.0
아이리스,2026-09-16 02:30,2026-09-16 03:24:21,54.4
쿠거,2026-09-16 02:30,2026-09-16 03:36:04,66.1
에이션트자이언트,2026-09-16 02:30,2026-09-16 03:36:18,66.3
뱀파이어,2026-09-16 02:30,2026-09-16 03:46:37,76.6
나이트발드,2026-09-16 02:30,2026-09-16 03:47:33,77.5
머미로드,2026-09-16 02:30,2026-09-16 03:52:23,82.4
리치,2026-09-16 02:30,2026-09-16 04:06:17,96.3
쿠거,2026-09-16 06:00,2026-09-16 06:18:33,18.6
나이트발드,2026-09-16 06:00,2026-09-16 06:31:15,31.2
좀비로드,2026-09-16 06:00,2026-09-16 06:42:12,42.2
머미로드,2026-09-16 06:00,2026-09-16 06:45:56,45.9
쿠거,2026-09-16 06:00,2026-09-16 07:05:10,65.2
뱀파이어,2026-09-16 06:00,2026-09-16 07:05:22,65.4
리치,2026-09-16 06:00,2026-09-16 07:11:26,71.4
사신,2026-09-16 06:00,2026-09-16 07:30:44,90.7
아이리스,2026-09-16 06:00,2026-09-16 07:39:05,99.1
에이션트자이언트,2026-09-16 06:30,2026-09-16 07:55:01,85.0
데스나이트,2026-09-16 08:00,2026-09-16 08:31:10,31.2
에이션트자이언트,2026-09-16 06:30,2026-09-16 09:49:20,199.3
나이트발드,2026-09-16 09:30,2026-09-16 10:13:53,43.9
머미로드,2026-09-16 09:30,2026-09-16 10:23:04,53.1
좀비로드,2026-09-16 09:30,2026-09-16 10:29:36,59.6
아이리스,2026-09-16 09:30,2026-09-16 10:35:33,65.5
뱀파이어,2026-09-16 09:30,2026-09-16 10:49:38,79.6
리치,2026-09-16 09:30,2026-09-16 10:51:56,81.9
쿠거,2026-09-16 09:30,2026-09-16 11:07:18,97.3
사신,2026-09-16 09:30,2026-09-16 11:16:53,106.9
에이션트자이언트,2026-09-16 10:30,2026-09-16 11:18:39,48.6
나이트발드,2026-09-16 13:00,2026-09-16 13:24:01,24.0
쿠거,2026-09-16 13:00,2026-09-16 13:38:47,38.8
아이리스,2026-09-16 13:00,2026-09-16 14:00:43,60.7
데스나이트,2026-09-16 12:30,2026-09-16 14:07:56,97.9
뱀파이어,2026-09-16 13:00,2026-09-16 14:13:24,73.4
머미로드,2026-09-16 13:00,2026-09-16 14:19:45,79.8
리치,2026-09-16 13:00,2026-09-16 14:26:54,86.9
사신,2026-09-16 13:00,2026-09-16 14:29:13,89.2
좀비로드,2026-09-16 13:00,2026-09-16 14:33:14,93.2
에이션트자이언트,2026-09-16 14:30,2026-09-16 15:15:00,45.0
나이트발드,2026-09-16 16:30,2026-09-16 16:47:21,17.4
아이리스,2026-09-16 16:30,2026-09-16 17:02:15,32.2
좀비로드,2026-09-16 16:30,2026-09-16 17:17:16,47.3
뱀파이어,2026-09-16 16:30,2026-09-16 17:38:11,68.2
머미로드,2026-09-16 16:30,2026-09-16 17:47:18,77.3
쿠거,2026-09-16 16:30,2026-09-16 17:54:30,84.5
리치,2026-09-16 16:30,2026-09-16 17:55:08,85.1
사신,2026-09-16 16:30,2026-09-16 18:02:11,92.2
데스나이트,2026-09-16 17:00,2026-09-16 18:31:11,91.2
에이션트자이언트,2026-09-16 18:30,2026-09-16 19:17:04,47.1
나이트발드,2026-09-16 20:00,2026-09-16 20:35:33,35.5
머미로드,2026-09-16 20:00,2026-09-16 20:53:50,53.8
쿠거,2026-09-16 20:00,2026-09-16 21:01:39,61.6
리치,2026-09-16 20:00,2026-09-16 21:05:14,65.2
아이리스,2026-09-16 20:00,2026-09-16 21:11:18,71.3
좀비로드,2026-09-16 20:00,2026-09-16 21:17:41,77.7
뱀파이어,2026-09-16 20:00,2026-09-16 21:20:19,80.3
사신,2026-09-16 20:00,2026-09-16 21:33:57,94.0
데스나이트,2026-09-16 21:30,2026-09-16 22:52:34,82.6
나이트발드,2026-09-16 23:30,2026-09-16 23:57:55,27.9
사신,2026-09-16 23:30,2026-09-17 00:15:10,45.2
에이션트자이언트,2026-09-16 22:30,2026-09-17 00:30:23,120.4
뱀파이어,2026-09-16 23:30,2026-09-17 00:30:36,60.6
아이리스,2026-09-16 23:30,2026-09-17 00:31:01,61.0
좀비로드,2026-09-16 23:30,2026-09-17 00:42:39,72.7
시어,2026-09-16 23:30,2026-09-17 00:44:51,74.8
머미로드,2026-09-16 23:30,2026-09-17 00:49:58,80.0
쿠거,2026-09-16 23:30,2026-09-17 01:01:05,91.1
리치,2026-09-16 23:30,2026-09-17 01:02:15,92.2
리치,2026-09-17 03:00,2026-09-17 03:14:45,14.8
에이션트자이언트,2026-09-17 02:30,2026-09-17 03:17:27,47.5
좀비로드,2026-09-17 03:00,2026-09-17 03:30:24,30.4
데스나이트,2026-09-17 02:00,2026-09-17 03:34:07,94.1
나이트발드,2026-09-17 03:00,2026-09-17 03:41:46,41.8
쿠거,2026-09-17 03:00,2026-09-17 03:57:41,57.7
시어,2026-09-17 03:00,2026-09-17 03:59:59,60.0
뱀파이어,2026-09-17 03:00,2026-09-17 04:08:59,69.0
아이리스,2026-09-17 03:00,2026-09-17 04:12:47,72.8
머미로드,2026-09-17 03:00,2026-09-17 05:01:13,121.2
사신,2026-09-17 03:00,2026-09-17 05:14:10,134.2
사신,2026-09-17 06:30,2026-09-17 06:56:17,26.3
좀비로드,2026-09-17 06:30,2026-09-17 07:06:01,36.0
나이트발드,2026-09-17 06:30,2026-09-17 07:06:19,36.3
시어,2026-09-17 06:30,2026-09-17 07:26:12,56.2
머미로드,2026-09-17 06:30,2026-09-17 07:26:15,56.2
리치,2026-09-17 06:30,2026-09-17 07:39:22,69.4
뱀파이어,2026-09-17 06:30,2026-09-17 07:42:15,72.2
쿠거,2026-09-17 06:30,2026-09-17 07:45:56,75.9
데스나이트,2026-09-17 06:30,2026-09-17 07:58:38,88.6
에이션트자이언트,2026-09-17 06:30,2026-09-17 07:59:02,89.0
아이리스,2026-09-17 06:30,2026-09-17 08:12:13,102.2
나이트발드,2026-09-17 10:00,2026-09-17 10:39:06,39.1
좀비로드,2026-09-17 10:00,2026-09-17 10:51:55,51.9
뱀파이어,2026-09-17 10:00,2026-09-17 10:52:46,52.8
리치,2026-09-17 10:00,2026-09-17 10:57:44,57.7
쿠거,2026-09-17 10:00,2026-09-17 10:58:39,58.6
아이리스,2026-09-17 10:00,2026-09-17 11:13:25,73.4
머미로드,2026-09-17 10:00,2026-09-17 11:21:15,81.2
시어,2026-09-17 10:00,2026-09-17 11:21:17,81.3
사신,2026-09-17 10:00,2026-09-17 11:24:39,84.7
에이션트자이언트,2026-09-17 10:30,2026-09-17 12:24:44,114.7
데스나이트,2026-09-17 11:00,2026-09-17 12:30:25,90.4
좀비로드,2026-09-17 13:30,2026-09-17 13:45:17,15.3
시어,2026-09-17 13:30,2026-09-17 14:04:28,34.5
쿠거,2026-09-17 13:30,2026-09-17 14:16:53,46.9
뱀파이어,2026-09-17 13:30,2026-09-17 14:26:17,56.3
나이트발드,2026-09-17 13:30,2026-09-17 14:29:15,59.2
아이리스,2026-09-17 13:30,2026-09-17 14:32:56,62.9
리치,2026-09-17 13:30,2026-09-17 14:37:29,67.5
에이션트자이언트,2026-09-17 14:30,2026-09-17 14:46:20,16.3
머미로드,2026-09-17 13:30,2026-09-17 14:49:45,79.8
사신,2026-09-17 13:30,2026-09-17 15:00:46,90.8
데스나이트,2026-09-17 15:30,2026-09-17 16:06:47,36.8
나이트발드,2026-09-17 17:00,2026-09-17 17:20:24,20.4
사신,2026-09-17 17:00,2026-09-17 17:30:04,30.1
좀비로드,2026-09-17 17:00,2026-09-17 17:39:03,39.0
리치,2026-09-17 17:00,2026-09-17 17:49:09,49.1
머미로드,2026-09-17 17:00,2026-09-17 17:53:20,53.3
아이리스,2026-09-17 17:00,2026-09-17 18:04:34,64.6
쿠거,2026-09-17 17:00,2026-09-17 18:11:18,71.3
시어,2026-09-17 17:00,2026-09-17 18:15:05,75.1
뱀파이어,2026-09-17 17:00,2026-09-17 18:24:06,84.1
에이션트자이언트,2026-09-17 18:30,2026-09-17 20:14:53,104.9
나이트발드,2026-09-17 20:30,2026-09-17 20:46:32,16.5
시어,2026-09-17 20:30,2026-09-17 20:53:09,23.1
좀비로드,2026-09-17 20:30,2026-09-17 20:56:35,26.6
머미로드,2026-09-17 20:30,2026-09-17 21:12:40,42.7
뱀파이어,2026-09-17 20:30,2026-09-17 21:21:03,51.0
데스나이트,2026-09-17 20:00,2026-09-17 21:34:45,94.8
아이리스,2026-09-17 20:30,2026-09-17 21:42:17,72.3
쿠거,2026-09-17 20:30,2026-09-17 21:49:28,79.5
사신,2026-09-17 20:30,2026-09-17 22:04:38,94.6
리치,2026-09-17 20:30,2026-09-17 22:14:39,104.7
좀비로드,2026-09-18 00:00,2026-09-18 00:36:03,36.0
에이션트자이언트,2026-09-17 22:30,2026-09-18 00:47:07,137.1
리치,2026-09-18 00:00,2026-09-18 00:48:01,48.0
시어,2026-09-18 00:00,2026-09-18 00:58:14,58.2
뱀파이어,2026-09-18 00:00,2026-09-18 01:00:08,60.1
쿠거,2026-09-18 00:00,2026-09-18 01:17:25,77.4
아이리스,2026-09-18 00:00,2026-09-18 01:26:13,86.2
나이트발드,2026-09-18 00:00,2026-09-18 01:28:30,88.5
사신,2026-09-18 00:00,2026-09-18 01:30:12,90.2
머미로드,2026-09-18 00:00,2026-09-18 01:31:44,91.7
데스나이트,2026-09-18 00:30,2026-09-18 02:00:37,90.6
에이션트자이언트,2026-09-18 02:30,2026-09-18 02:42:40,12.7
뱀파이어,2026-09-18 03:30,2026-09-18 04:19:09,49.1
리치,2026-09-18 03:30,2026-09-18 04:19:45,49.8
시어,2026-09-18 03:30,2026-09-18 04:20:36,50.6
좀비로드,2026-09-18 03:30,2026-09-18 04:25:08,55.1
나이트발드,2026-09-18 03:30,2026-09-18 04:25:08,55.1
사신,2026-09-18 03:30,2026-09-18 04:27:39,57.6
쿠거,2026-09-18 03:30,2026-09-18 04:36:35,66.6
아이리스,2026-09-18 03:30,2026-09-18 04:41:16,71.3
머미로드,2026-09-18 03:30,2026-09-18 04:43:39,73.7
데스나이트,2026-09-18 05:00,2026-09-18 06:53:46,113.8
에이션트자이언트,2026-09-18 06:30,2026-09-18 06:57:18,27.3
나이트발드,2026-09-18 07:00,2026-09-18 07:44:41,44.7
뱀파이어,2026-09-18 07:00,2026-09-18 07:53:35,53.6
머미로드,2026-09-18 07:00,2026-09-18 08:03:27,63.5
아이리스,2026-09-18 07:00,2026-09-18 08:07:57,68.0
사신,2026-09-18 07:00,2026-09-18 08:08:07,68.1
쿠거,2026-09-18 07:00,2026-09-18 08:19:01,79.0
시어,2026-09-18 07:00,2026-09-18 08:20:52,80.9
좀비로드,2026-09-18 07:00,2026-09-18 08:21:27,81.5
리치,2026-09-18 07:00,2026-09-18 08:26:01,86.0
리치,2026-09-18 07:00,2026-09-18 10:18:08,198.1
데스나이트,2026-09-18 09:30,2026-09-18 10:39:03,69.0
좀비로드,2026-09-18 10:30,2026-09-18 11:15:55,45.9
리치,2026-09-18 10:30,2026-09-18 11:21:33,51.5
뱀파이어,2026-09-18 10:30,2026-09-18 11:22:30,52.5
사신,2026-09-18 10:30,2026-09-18 11:26:18,56.3
나이트발드,2026-09-18 10:30,2026-09-18 11:27:51,57.9
머미로드,2026-09-18 10:30,2026-09-18 11:44:21,74.3
쿠거,2026-09-18 10:30,2026-09-18 11:52:31,82.5
아이리스,2026-09-18 10:30,2026-09-18 11:53:03,83.0
시어,2026-09-18 10:30,2026-09-18 11:53:45,83.8
에이션트자이언트,2026-09-18 10:30,2026-09-18 12:02:12,92.2
뱀파이어,2026-09-18 14:00,2026-09-18 14:19:15,19.2
사신,2026-09-18 14:00,2026-09-18 14:59:45,59.8
시어,2026-09-18 14:00,2026-09-18 15:01:42,61.7
나이트발드,2026-09-18 14:00,2026-09-18 15:11:27,71.5
데스나이트,2026-09-18 14:00,2026-09-18 15:12:59,73.0
머미로드,2026-09-18 14:00,2026-09-18 15:19:33,79.5
좀비로드,2026-09-18 14:00,2026-09-18 15:21:48,81.8
뱀파이어,2026-09-18 14:00,2026-09-18 15:27:56,87.9
쿠거,2026-09-18 14:00,2026-09-18 15:32:06,92.1
아이리스,2026-09-18 14:00,2026-09-18 15:42:34,102.6
리치,2026-09-18 14:00,2026-09-18 15:46:11,106.2
쿠거,2026-09-18 17:30,2026-09-18 17:58:31,28.5
뱀파이어,2026-09-18 17:30,2026-09-18 18:12:39,42.6
나이트발드,2026-09-18 17:30,2026-09-18 18:30:23,60.4
아이리스,2026-09-18 17:30,2026-09-18 18:38:27,68.5
좀비로드,2026-09-18 17:30,2026-09-18 18:44:21,74.3
시어,2026-09-18 17:30,2026-09-18 18:45:13,75.2
사신,2026-09-18 17:30,2026-09-18 18:49:48,79.8
리치,2026-09-18 17:30,2026-09-18 18:52:39,82.7
머미로드,2026-09-18 17:30,2026-09-18 18:59:28,89.5
데스나이트,2026-09-18 18:30,2026-09-18 19:43:40,73.7
시어,2026-09-18 21:00,2026-09-18 21:26:51,26.9
좀비로드,2026-09-18 21:00,2026-09-18 21:35:47,35.8
머미로드,2026-09-18 21:00,2026-09-18 21:43:11,43.2
아이리스,2026-09-18 21:00,2026-09-18 21:57:44,57.7
뱀파이어,2026-09-18 21:00,2026-09-18 21:58:57,59.0
쿠거,2026-09-18 21:00,2026-09-18 22:16:35,76.6
사신,2026-09-18 21:00,2026-09-18 22:24:17,84.3
나이트발드,2026-09-18 21:00,2026-09-18 22:27:55,87.9
리치,2026-09-18 21:00,2026-09-18 22:32:43,92.7
데스나이트,2026-09-18 23:00,2026-09-19 00:40:19,100.3
좀비로드,2026-09-19 00:30,2026-09-19 01:00:09,30.1
시어,2026-09-19 00:30,2026-09-19 01:08:52,38.9
머미로드,2026-09-19 00:30,2026-09-19 01:11:47,41.8
아이리스,2026-09-19 00:30,2026-09-19 01:24:45,54.8
뱀파이어,2026-09-19 00:30,2026-09-19 01:29:16,59.3
리치,2026-09-19 00:30,2026-09-19 01:34:24,64.4
쿠거,2026-09-19 00:30,2026-09-19 01:44:21,74.3
나이트발드,2026-09-19 00:30,2026-09-19 01:52:34,82.6
사신,2026-09-19 00:30,2026-09-19 02:13:11,103.2
아이리스,2026-09-19 04:00,2026-09-19 04:52:25,52.4
뱀파이어,2026-09-19 04:00,2026-09-19 04:55:49,55.8
시어,2026-09-19 04:00,2026-09-19 04:58:42,58.7
쿠거,2026-09-19 04:00,2026-09-19 05:07:56,67.9
데스나이트,2026-09-19 03:30,2026-09-19 05:08:53,98.9
나이트발드,2026-09-19 04:00,2026-09-19 05:09:43,69.7
리치,2026-09-19 04:00,2026-09-19 05:13:15,73.2
좀비로드,2026-09-19 04:00,2026-09-19 05:17:17,77.3
머미로드,2026-09-19 04:00,2026-09-19 05:25:07,85.1
사신,2026-09-19 04:00,2026-09-19 05:48:24,108.4
쿠거,2026-09-19 07:30,2026-09-19 07:57:13,27.2
나이트발드,2026-09-19 07:30,2026-09-19 08:08:02,38.0
리치,2026-09-19 07:30,2026-09-19 08:16:51,46.9
데스나이트,2026-09-19 08:00,2026-09-19 08:19:49,19.8
리치,2026-09-19 07:30,2026-09-19 08:21:16,51.3
좀비로드,2026-09-19 07:30,2026-09-19 08:27:30,57.5
시어,2026-09-19 07:30,2026-09-19 08:28:15,58.2
머미로드,2026-09-19 07:30,2026-09-19 08:31:59,62.0
뱀파이어,2026-09-19 07:30,2026-09-19 08:39:12,69.2
사신,2026-09-19 07:30,2026-09-19 08:53:24,83.4
아이리스,2026-09-19 07:30,2026-09-19 09:17:11,107.2
좀비로드,2026-09-19 11:00,2026-09-19 11:27:32,27.5
뱀파이어,2026-09-19 11:00,2026-09-19 11:48:53,48.9
아이리스,2026-09-19 11:00,2026-09-19 11:51:22,51.4
사신,2026-09-19 11:00,2026-09-19 11:59:33,59.5
리치,2026-09-19 11:00,2026-09-19 12:04:00,64.0
머미로드,2026-09-19 11:00,2026-09-19 12:10:17,70.3
나이트발드,2026-09-19 11:00,2026-09-19 12:10:35,70.6
쿠거,2026-09-19 11:00,2026-09-19 12:19:21,79.3
시어,2026-09-19 11:00,2026-09-19 12:30:10,90.2
데스나이트,2026-09-19 12:30,2026-09-19 13:31:45,61.8
뱀파이어,2026-09-19 11:00,2026-09-19 14:18:20,198.3
뱀파이어,2026-09-19 14:30,2026-09-19 14:50:35,20.6
나이트발드,2026-09-19 14:30,2026-09-19 15:15:39,45.6
사신,2026-09-19 14:30,2026-09-19 15:22:32,52.5
리치,2026-09-19 14:30,2026-09-19 15:23:55,53.9
좀비로드,2026-09-19 14:30,2026-09-19 15:25:39,55.6
아이리스,2026-09-19 14:30,2026-09-19 15:32:35,62.6
시어,2026-09-19 14:30,2026-09-19 15:33:28,63.5
쿠거,2026-09-19 14:30,2026-09-19 15:45:29,75.5
머미로드,2026-09-19 14:30,2026-09-19 15:48:40,78.7
데스나이트,2026-09-19 17:00,2026-09-19 17:40:37,40.6
아이리스,2026-09-19 18:00,2026-09-19 18:29:22,29.4
뱀파이어,2026-09-19 18:00,2026-09-19 18:32:25,32.4
시어,2026-09-19 18:00,2026-09-19 18:39:08,39.1
리치,2026-09-19 18:00,2026-09-19 18:40:11,40.2
나이트발드,2026-09-19 18:00,2026-09-19 18:47:34,47.6
머미로드,2026-09-19 18:00,2026-09-19 19:01:12,61.2
사신,2026-09-19 18:00,2026-09-19 19:15:21,75.3
좀비로드,2026-09-19 18:00,2026-09-19 19:27:22,87.4
쿠거,2026-09-19 18:00,2026-09-19 19:30:30,90.5
좀비로드,2026-09-19 21:30,2026-09-19 22:01:29,31.5
머미로드,2026-09-19 21:30,2026-09-19 22:04:17,34.3
아이리스,2026-09-19 21:30,2026-09-19 22:11:08,41.1
리치,2026-09-19 21:30,2026-09-19 22:22:21,52.4
뱀파이어,2026-09-19 21:30,2026-09-19 22:22:34,52.6
쿠거,2026-09-19 21:30,2026-09-19 22:31:13,61.2
나이트발드,2026-09-19 21:30,2026-09-19 22:40:50,70.8
시어,2026-09-19 21:30,2026-09-19 22:46:09,76.2
사신,2026-09-19 21:30,2026-09-19 23:02:19,92.3
데스나이트,2026-09-19 21:30,2026-09-19 23:28:35,118.6
나이트발드,2026-09-20 01:00,2026-09-20 01:23:33,23.6
좀비로드,2026-09-20 01:00,2026-09-20 01:30:20,30.3
아이리스,2026-09-20 01:00,2026-09-20 01:30:28,30.5
시어,2026-09-20 01:00,2026-09-20 01:45:33,45.5
뱀파이어,2026-09-20 01:00,2026-09-20 01:55:21,55.4
데스나이트,2026-09-20 02:00,2026-09-20 02:15:13,15.2
리치,2026-09-20 01:00,2026-09-20 02:16:32,76.5
쿠거,2026-09-20 01:00,2026-09-20 02:20:06,80.1
사신,2026-09-20 01:00,2026-09-20 02:22:00,82.0
머미로드,2026-09-20 01:00,2026-09-20 02:31:11,91.2
나이트발드,2026-09-20 04:30,2026-09-20 04:48:00,18.0
아이리스,2026-09-20 04:30,2026-09-20 04:56:12,26.2
쿠거,2026-09-20 04:30,2026-09-20 05:05:44,35.7
좀비로드,2026-09-20 04:30,2026-09-20 05:08:50,38.8
뱀파이어,2026-09-20 04:30,2026-09-20 05:09:59,40.0
사신,2026-09-20 04:30,2026-09-20 05:38:30,68.5
리치,2026-09-20 04:30,2026-09-20 05:50:00,80.0
시어,2026-09-20 04:30,2026-09-20 05:57:12,87.2
머미로드,2026-09-20 04:30,2026-09-20 06:03:52,93.9
아이리스,2026-09-20 04:30,2026-09-20 06:18:20,108.3
데스나이트,2026-09-20 06:30,2026-09-20 07:11:57,42.0
시어,2026-09-20 08:00,2026-09-20 08:36:58,37.0
좀비로드,2026-09-20 08:00,2026-09-20 08:39:07,39.1
나이트발드,2026-09-20 08:00,2026-09-20 08:47:04,47.1
사신,2026-09-20 08:00,2026-09-20 09:10:38,70.6
아이리스,2026-09-20 08:00,2026-09-20 09:12:54,72.9
쿠거,2026-09-20 08:00,2026-09-20 09:25:23,85.4
리치,2026-09-20 08:00,2026-09-20 09:25:52,85.9
머미로드,2026-09-20 08:00,2026-09-20 09:29:42,89.7
뱀파이어,2026-09-20 08:00,2026-09-20 09:30:16,90.3
나이트발드,2026-09-20 11:30,2026-09-20 11:59:02,29.0
좀비로드,2026-09-20 11:30,2026-09-20 12:02:45,32.8
뱀파이어,2026-09-20 11:30,2026-09-20 12:07:57,38.0
데스나이트,2026-09-20 11:00,2026-09-20 12:10:27,70.5
시어,2026-09-20 11:30,2026-09-20 12:19:46,49.8
머미로드,2026-09-20 11:30,2026-09-20 12:24:26,54.4
아이리스,2026-09-20 11:30,2026-09-20 12:28:01,58.0
사신,2026-09-20 11:30,2026-09-20 12:32:23,62.4
쿠거,2026-09-20 11:30,2026-09-20 12:37:33,67.5
리치,2026-09-20 11:30,2026-09-20 13:03:09,93.2
아이리스,2026-09-20 11:30,2026-09-20 14:18:16,168.3
시어,2026-09-20 15:00,2026-09-20 15:03:29,3.5
에이션트자이언트,2026-09-20 14:30,2026-09-20 15:28:57,59.0
머미로드,2026-09-20 15:00,2026-09-20 15:31:55,31.9
나이트발드,2026-09-20 15:00,2026-09-20 15:40:36,40.6
리치,2026-09-20 15:00,2026-09-20 15:43:32,43.5
데스나이트,2026-09-20 15:30,2026-09-20 15:56:15,26.2
뱀파이어,2026-09-20 15:00,2026-09-20 16:01:59,62.0
아이리스,2026-09-20 15:00,2026-09-20 16:16:41,76.7
사신,2026-09-20 15:00,2026-09-20 16:18:51,78.8
쿠거,2026-09-20 15:00,2026-09-20 16:20:43,80.7
좀비로드,2026-09-20 15:00,2026-09-20 16:26:50,86.8
나이트발드,2026-09-20 18:30,2026-09-20 18:58:31,28.5
시어,2026-09-20 18:30,2026-09-20 19:07:18,37.3
아이리스,2026-09-20 18:30,2026-09-20 19:08:50,38.8
사신,2026-09-20 18:30,2026-09-20 19:13:52,43.9
머미로드,2026-09-20 18:30,2026-09-20 19:14:33,44.5
좀비로드,2026-09-20 18:30,2026-09-20 19:23:41,53.7
뱀파이어,2026-09-20 18:30,2026-09-20 19:34:43,64.7
리치,2026-09-20 18:30,2026-09-20 19:42:46,72.8
쿠거,2026-09-20 18:30,2026-09-20 19:58:20,88.3
에이션트자이언트,2026-09-20 18:30,2026-09-20 20:39:26,129.4
데스나이트,2026-09-20 20:00,2026-09-20 21:31:24,91.4
시어,2026-09-20 22:00,2026-09-20 22:22:27,22.4
뱀파이어,2026-09-20 22:00,2026-09-20 22:55:41,55.7
에이션트자이언트,2026-09-20 22:30,2026-09-20 22:56:37,26.6
머미로드,2026-09-20 22:00,2026-09-20 23:05:20,65.3
사신,2026-09-20 22:00,2026-09-20 23:12:17,72.3
나이트발드,2026-09-20 22:00,2026-09-20 23:14:40,74.7
좀비로드,2026-09-20 22:00,2026-09-20 23:21:42,81.7
아이리스,2026-09-20 22:00,2026-09-20 23:26:35,86.6
쿠거,2026-09-20 22:00,2026-09-20 23:27:44,87.7
리치,2026-09-20 22:00,2026-09-20 23:34:18,94.3
데스나이트,2026-09-21 00:30,2026-09-21 02:14:45,104.8
뱀파이어,2026-09-21 01:30,2026-09-21 02:16:22,46.4
시어,2026-09-21 01:30,2026-09-21 02:21:52,51.9
사신,2026-09-21 01:30,2026-09-21 02:37:31,67.5
나이트발드,2026-09-21 01:30,2026-09-21 02:39:17,69.3
좀비로드,2026-09-21 01:30,2026-09-21 02:43:59,74.0
리치,2026-09-21 01:30,2026-09-21 02:44:57,75.0
머미로드,2026-09-21 01:30,2026-09-21 02:45:42,75.7
아이리스,2026-09-21 01:30,2026-09-21 02:47:37,77.6
쿠거,2026-09-21 01:30,2026-09-21 02:57:37,87.6
에이션트자이언트,2026-09-21 02:30,2026-09-21 03:11:44,41.7
좀비로드,2026-09-21 05:00,2026-09-21 05:30:28,30.5
머미로드,2026-09-21 05:00,2026-09-21 05:40:32,40.5
나이트발드,2026-09-21 05:00,2026-09-21 05:42:13,42.2
시어,2026-09-21 05:00,2026-09-21 06:05:13,65.2
사신,2026-09-21 05:00,2026-09-21 06:08:13,68.2
아이리스,2026-09-21 05:00,2026-09-21 06:29:03,89.0
쿠거,2026-09-21 05:00,2026-09-21 06:33:12,93.2
데스나이트,2026-09-21 05:00,2026-09-21 06:33:27,93.5
머미로드,2026-09-21 05:00,2026-09-21 06:33:28,93.5
나이트발드,2026-09-21 05:00,2026-09-21 06:34:02,94.0
뱀파이어,2026-09-21 05:00,2026-09-21 06:52:00,112.0
리치,2026-09-21 05:00,2026-09-21 07:08:26,128.4
에이션트자이언트,2026-09-21 06:30,2026-09-21 07:25:10,55.2
나이트발드,2026-09-21 08:30,2026-09-21 09:00:57,30.9
쿠거,2026-09-21 08:30,2026-09-21 09:06:36,36.6
좀비로드,2026-09-21 08:30,2026-09-21 09:08:07,38.1
머미로드,2026-09-21 08:30,2026-09-21 09:38:55,68.9
뱀파이어,2026-09-21 08:30,2026-09-21 09:51:38,81.6
리치,2026-09-21 08:30,2026-09-21 09:57:59,88.0
시어,2026-09-21 08:30,2026-09-21 09:59:22,89.4
데스나이트,2026-09-21 09:30,2026-09-21 10:00:55,30.9
아이리스,2026-09-21 08:30,2026-09-21 10:05:25,95.4
사신,2026-09-21 08:30,2026-09-21 10:15:03,105.0
에이션트자이언트,2026-09-21 10:30,2026-09-21 12:02:07,92.1
사신,2026-09-21 12:00,2026-09-21 12:18:39,18.6
좀비로드,2026-09-21 12:00,2026-09-21 12:36:11,36.2
아이리스,2026-09-21 12:00,2026-09-21 12:36:21,36.4
시어,2026-09-21 12:00,2026-09-21 12:45:36,45.6
쿠거,2026-09-21 12:00,2026-09-21 12:58:17,58.3
뱀파이어,2026-09-21 12:00,2026-09-21 13:11:06,71.1
리치,2026-09-21 12:00,2026-09-21 13:19:58,80.0
나이트발드,2026-09-21 12:00,2026-09-21 13:22:33,82.5
머미로드,2026-09-21 12:00,2026-09-21 13:24:15,84.2
데스나이트,2026-09-21 14:00,2026-09-21 14:06:46,6.8
에이션트자이언트,2026-09-21 14:30,2026-09-21 15:23:35,53.6
시어,2026-09-21 15:30,2026-09-21 15:55:15,25.2
뱀파이어,2026-09-21 15:30,2026-09-21 16:06:21,36.4
아이리스,2026-09-21 15:30,2026-09-21 16:27:13,57.2
좀비로드,2026-09-21 15:30,2026-09-21 16:28:54,58.9
나이트발드,2026-09-21 15:30,2026-09-21 16:29:52,59.9
쿠거,2026-09-21 15:30,2026-09-21 16:31:58,62.0
리치,2026-09-21 15:30,2026-09-21 16:43:24,73.4
머미로드,2026-09-21 15:30,2026-09-21 16:43:38,73.6
사신,2026-09-21 15:30,2026-09-21 17:09:39,99.7
에이션트자이언트,2026-09-21 18:30,2026-09-21 19:20:20,50.3
나이트발드,2026-09-21 19:00,2026-09-21 19:33:01,33.0
리치,2026-09-21 19:00,2026-09-21 19:36:08,36.1
시어,2026-09-21 19:00,2026-09-21 19:36:38,36.6
데스나이트,2026-09-21 18:30,2026-09-21 19:36:44,66.7
뱀파이어,2026-09-21 19:00,2026-09-21 19:46:54,46.9
좀비로드,2026-09-21 19:00,2026-09-21 19:49:04,49.1
사신,2026-09-21 19:00,2026-09-21 19:59:58,60.0
아이리스,2026-09-21 19:00,2026-09-21 20:10:15,70.2
쿠거,2026-09-21 19:00,2026-09-21 20:16:45,76.8
머미로드,2026-09-21 19:00,2026-09-21 20:18:22,78.4
시어,2026-09-21 22:30,2026-09-21 23:02:37,32.6
뱀파이어,2026-09-21 22:30,2026-09-21 23:20:00,50.0
쿠거,2026-09-21 22:30,2026-09-21 23:24:07,54.1
사신,2026-09-21 22:30,2026-09-21 23:29:19,59.3
나이트발드,2026-09-21 22:30,2026-09-21 23:32:01,62.0
아이리스,2026-09-21 22:30,2026-09-21 23:34:06,64.1
리치,2026-09-21 22:30,2026-09-21 23:38:10,68.2
좀비로드,2026-09-21 22:30,2026-09-21 23:40:21,70.3
데스나이트,2026-09-21 23:00,2026-09-21 23:54:05,54.1
머미로드,2026-09-21 22:30,2026-09-21 23:56:45,86.8
에이션트자이언트,2026-09-21 22:30,2026-09-22 00:19:41,109.7
시어,2026-09-22 02:00,2026-09-22 02:37:53,37.9
뱀파이어,2026-09-22 02:00,2026-09-22 02:44:22,44.4
나이트발드,2026-09-22 02:00,2026-09-22 02:46:30,46.5
좀비로드,2026-09-22 02:00,2026-09-22 02:55:44,55.7
아이리스,2026-09-22 02:00,2026-09-22 03:01:12,61.2
리치,2026-09-22 02:00,2026-09-22 03:13:06,73.1
사신,2026-09-22 02:00,2026-09-22 03:15:52,75.9
머미로드,2026-09-22 02:00,2026-09-22 03:18:40,78.7
쿠거,2026-09-22 02:00,2026-09-22 03:23:44,83.7
에이션트자이언트,2026-09-22 02:30,2026-09-22 04:55:19,145.3
데스나이트,2026-09-22 03:30,2026-09-22 04:57:21,87.3
머미로드,2026-09-22 05:30,2026-09-22 06:05:53,35.9
뱀파이어,2026-09-22 05:30,2026-09-22 06:06:23,36.4
시어,2026-09-22 05:30,2026-09-22 06:16:44,46.7
좀비로드,2026-09-22 05:30,2026-09-22 06:22:25,52.4
나이트발드,2026-09-22 05:30,2026-09-22 06:27:12,57.2
사신,2026-09-22 05:30,2026-09-22 06:32:08,62.1
아이리스,2026-09-22 05:30,2026-09-22 06:32:18,62.3
쿠거,2026-09-22 05:30,2026-09-22 06:37:47,67.8
리치,2026-09-22 05:30,2026-09-22 06:42:30,72.5
에이션트자이언트,2026-09-22 06:30,2026-09-22 08:40:17,130.3
나이트발드,2026-09-22 09:00,2026-09-22 09:37:36,37.6
데스나이트,2026-09-22 08:00,2026-09-22 09:51:38,111.6
시어,2026-09-22 09:00,2026-09-22 10:00:34,60.6
좀비로드,2026-09-22 09:00,2026-09-22 10:05:28,65.5
쿠거,2026-09-22 09:00,2026-09-22 10:06:09,66.2
아이리스,2026-09-22 09:00,2026-09-22 10:19:18,79.3
리치,2026-09-22 09:00,2026-09-22 10:21:37,81.6
뱀파이어,2026-09-22 09:00,2026-09-22 10:24:22,84.4
사신,2026-09-22 09:00,2026-09-22 10:24:38,84.6
머미로드,2026-09-22 09:00,2026-09-22 11:29:52,149.9
머미로드,2026-09-22 12:30,2026-09-22 12:38:44,8.7
에이션트자이언트,2026-09-22 10:30,2026-09-22 12:51:39,141.7
시어,2026-09-22 12:30,2026-09-22 13:19:02,49.0
나이트발드,2026-09-22 12:30,2026-09-22 13:19:08,49.1
뱀파이어,2026-09-22 12:30,2026-09-22 13:25:39,55.6
쿠거,2026-09-22 12:30,2026-09-22 13:34:41,64.7
좀비로드,2026-09-22 12:30,2026-09-22 13:43:19,73.3
사신,2026-09-22 12:30,2026-09-22 13:44:41,74.7
리치,2026-09-22 12:30,2026-09-22 13:49:41,79.7
아이리스,2026-09-22 12:30,2026-09-22 14:10:56,100.9
데스나이트,2026-09-22 12:30,2026-09-22 14:13:56,103.9
아이리스,2026-09-22 12:30,2026-09-22 14:18:10,108.2
아이리스,2026-09-22 16:00,2026-09-22 16:22:27,22.4
시어,2026-09-22 16:00,2026-09-22 16:25:35,25.6
뱀파이어,2026-09-22 16:00,2026-09-22 16:40:35,40.6
쿠거,2026-09-22 16:00,2026-09-22 16:42:19,42.3
나이트발드,2026-09-22 16:00,2026-09-22 16:45:03,45.0
좀비로드,2026-09-22 16:00,2026-09-22 16:53:55,53.9
머미로드,2026-09-22 16:00,2026-09-22 16:57:12,57.2
에이션트자이언트,2026-09-22 14:30,2026-09-22 17:00:07,150.1
리치,2026-09-22 16:00,2026-09-22 17:02:43,62.7
사신,2026-09-22 16:00,2026-09-22 17:39:01,99.0
데스나이트,2026-09-22 17:00,2026-09-22 18:07:16,67.3
좀비로드,2026-09-22 19:30,2026-09-22 19:51:39,21.6
사신,2026-09-22 19:30,2026-09-22 19:57:32,27.5
머미로드,2026-09-22 19:30,2026-09-22 20:13:09,43.1
리치,2026-09-22 19:30,2026-09-22 20:23:44,53.7
아이리스,2026-09-22 19:30,2026-09-22 20:26:53,56.9
쿠거,2026-09-22 19:30,2026-09-22 20:30:38,60.6
나이트발드,2026-09-22 19:30,2026-09-22 20:32:20,62.3
시어,2026-09-22 19:30,2026-09-22 20:35:50,65.8
뱀파이어,2026-09-22 19:30,2026-09-22 20:42:42,72.7
데스나이트,2026-09-22 21:30,2026-09-22 22:10:32,40.5
사신,2026-09-22 23:00,2026-09-22 23:48:29,48.5
쿠거,2026-09-22 23:00,2026-09-22 23:55:49,55.8
뱀파이어,2026-09-22 23:00,2026-09-22 23:57:42,57.7
리치,2026-09-22 23:00,2026-09-23 00:01:26,61.4
머미로드,2026-09-22 23:00,2026-09-23 00:05:01,65.0
아이리스,2026-09-22 23:00,2026-09-23 00:12:33,72.5
시어,2026-09-22 23:00,2026-09-23 00:13:16,73.3
좀비로드,2026-09-22 23:00,2026-09-23 00:17:05,77.1
나이트발드,2026-09-22 23:00,2026-09-23 00:30:13,90.2
데스나이트,2026-09-23 02:00,2026-09-23 02:19:39,19.6
나이트발드,2026-09-23 02:30,2026-09-23 02:57:18,27.3
시어,2026-09-23 02:30,2026-09-23 02:57:42,27.7
에이션트자이언트,2026-09-23 02:30,2026-09-23 02:58:00,28.0
쿠거,2026-09-23 02:30,2026-09-23 03:11:20,41.3
뱀파이어,2026-09-23 02:30,2026-09-23 03:15:03,45.0
머미로드,2026-09-23 02:30,2026-09-23 03:21:41,51.7
리치,2026-09-23 02:30,2026-09-23 03:25:46,55.8
아이리스,2026-09-23 02:30,2026-09-23 03:37:45,67.8
좀비로드,2026-09-23 02:30,2026-09-23 03:47:01,77.0
사신,2026-09-23 02:30,2026-09-23 03:50:51,80.8
좀비로드,2026-09-23 06:00,2026-09-23 06:18:10,18.2
시어,2026-09-23 06:00,2026-09-23 06:35:23,35.4
사신,2026-09-23 06:00,2026-09-23 06:43:54,43.9
에이션트자이언트,2026-09-23 06:30,2026-09-23 06:44:34,14.6
아이리스,2026-09-23 06:00,2026-09-23 07:00:49,60.8
리치,2026-09-23 06:00,2026-09-23 07:08:53,68.9
나이트발드,2026-09-23 06:00,2026-09-23 07:17:09,77.2
쿠거,2026-09-23 06:00,2026-09-23 07:19:34,79.6
좀비로드,2026-09-23 06:00,2026-09-23 07:23:35,83.6
뱀파이어,2026-09-23 06:00,2026-09-23 07:42:30,102.5
머미로드,2026-09-23 06:00,2026-09-23 07:50:03,110.0
데스나이트,2026-09-23 06:30,2026-09-23 07:51:15,81.2
좀비로드,2026-09-23 09:30,2026-09-23 10:11:44,41.7
머미로드,2026-09-23 09:30,2026-09-23 10:15:59,46.0
나이트발드,2026-09-23 09:30,2026-09-23 10:20:57,51.0
아이리스,2026-09-23 09:30,2026-09-23 10:31:58,62.0
시어,2026-09-23 09:30,2026-09-23 10:39:15,69.2
리치,2026-09-23 09:30,2026-09-23 10:41:44,71.7
쿠거,2026-09-23 09:30,2026-09-23 10:57:21,87.3
뱀파이어,2026-09-23 09:30,2026-09-23 11:00:50,90.8
사신,2026-09-23 09:30,2026-09-23 11:13:32,103.5
에이션트자이언트,2026-09-23 10:30,2026-09-23 12:12:46,102.8
데스나이트,2026-09-23 11:00,2026-09-23 12:47:38,107.6
나이트발드,2026-09-23 13:00,2026-09-23 13:27:06,27.1
뱀파이어,2026-09-23 13:00,2026-09-23 13:29:10,29.2
아이리스,2026-09-23 13:00,2026-09-23 13:38:19,38.3
머미로드,2026-09-23 13:00,2026-09-23 13:49:02,49.0
사신,2026-09-23 13:00,2026-09-23 13:55:02,55.0
리치,2026-09-23 13:00,2026-09-23 13:58:08,58.1
시어,2026-09-23 13:00,2026-09-23 14:00:57,61.0
좀비로드,2026-09-23 13:00,2026-09-23 14:26:51,86.8
에이션트자이언트,2026-09-23 14:30,2026-09-23 15:14:23,44.4
쿠거,2026-09-23 13:00,2026-09-23 15:19:22,139.4
나이트발드,2026-09-23 16:30,2026-09-23 16:41:15,11.2
뱀파이어,2026-09-23 16:30,2026-09-23 16:56:16,26.3
쿠거,2026-09-23 16:30,2026-09-23 17:01:02,31.0
아이리스,2026-09-23 16:30,2026-09-23 17:07:48,37.8
좀비로드,2026-09-23 16:30,2026-09-23 17:08:51,38.9
데스나이트,2026-09-23 15:30,2026-09-23 17:19:26,109.4
사신,2026-09-23 16:30,2026-09-23 17:22:46,52.8
시어,2026-09-23 16:30,2026-09-23 17:23:49,53.8
머미로드,2026-09-23 16:30,2026-09-23 17:24:26,54.4
리치,2026-09-23 16:30,2026-09-23 17:46:28,76.5
데스나이트,2026-09-23 20:00,2026-09-23 20:39:47,39.8
아이리스,2026-09-23 20:00,2026-09-23 20:52:23,52.4
머미로드,2026-09-23 20:00,2026-09-23 21:01:56,61.9
에이션트자이언트,2026-09-23 18:30,2026-09-23 21:02:47,152.8
나이트발드,2026-09-23 20:00,2026-09-23 21:02:59,63.0
쿠거,2026-09-23 20:00,2026-09-23 21:09:01,69.0
뱀파이어,2026-09-23 20:00,2026-09-23 21:11:16,71.3
좀비로드,2026-09-23 20:00,2026-09-23 21:20:09,80.2
시어,2026-09-23 20:00,2026-09-23 21:26:07,86.1
리치,2026-09-23 20:00,2026-09-23 21:29:28,89.5
에이션트자이언트,2026-09-23 22:30,2026-09-23 22:59:42,29.7
머미로드,2026-09-23 23:30,2026-09-23 23:56:11,26.2
시어,2026-09-23 23:30,2026-09-23 23:56:25,26.4
나이트발드,2026-09-23 23:30,2026-09-24 00:11:49,41.8
뱀파이어,2026-09-23 23:30,2026-09-24 00:34:25,64.4
좀비로드,2026-09-23 23:30,2026-09-24 00:35:25,65.4
리치,2026-09-23 23:30,2026-09-24 00:36:22,66.4
쿠거,2026-09-23 23:30,2026-09-24 00:40:04,70.1
아이리스,2026-09-23 23:30,2026-09-24 00:46:35,76.6
데스나이트,2026-09-24 00:30,2026-09-24 00:51:02,21.0
사신,2026-09-23 23:30,2026-09-24 00:54:21,84.3
사신,2026-09-23 23:30,2026-09-24 01:52:01,142.0
에이션트자이언트,2026-09-24 02:30,2026-09-24 03:37:38,67.6
나이트발드,2026-09-24 03:00,2026-09-24 03:39:19,39.3
시어,2026-09-24 03:00,2026-09-24 03:39:46,39.8
사신,2026-09-24 03:00,2026-09-24 04:04:00,64.0
좀비로드,2026-09-24 03:00,2026-09-24 04:25:33,85.5
아이리스,2026-09-24 03:00,2026-09-24 04:26:03,86.0
뱀파이어,2026-09-24 03:00,2026-09-24 04:32:43,92.7
쿠거,2026-09-24 03:00,2026-09-24 04:32:54,92.9
머미로드,2026-09-24 03:00,2026-09-24 04:37:50,97.8
리치,2026-09-24 03:00,2026-09-24 04:42:22,102.4
데스나이트,2026-09-24 05:00,2026-09-24 06:07:38,67.6
리치,2026-09-24 06:30,2026-09-24 07:05:35,35.6
나이트발드,2026-09-24 06:30,2026-09-24 07:23:02,53.0
에이션트자이언트,2026-09-24 06:30,2026-09-24 07:25:38,55.6
머미로드,2026-09-24 06:30,2026-09-24 07:34:38,64.6
뱀파이어,2026-09-24 06:30,2026-09-24 07:36:55,66.9
쿠거,2026-09-24 06:30,2026-09-24 07:43:12,73.2
사신,2026-09-24 06:30,2026-09-24 07:47:46,77.8
시어,2026-09-24 06:30,2026-09-24 07:50:28,80.5
아이리스,2026-09-24 06:30,2026-09-24 07:53:37,83.6
좀비로드,2026-09-24 06:30,2026-09-24 07:57:42,87.7
머미로드,2026-09-24 10:00,2026-09-24 10:40:38,40.6
쿠거,2026-09-24 10:00,2026-09-24 10:50:11,50.2
좀비로드,2026-09-24 10:00,2026-09-24 10:55:19,55.3
사신,2026-09-24 10:00,2026-09-24 10:57:05,57.1
데스나이트,2026-09-24 09:30,2026-09-24 10:58:37,88.6
뱀파이어,2026-09-24 10:00,2026-09-24 10:59:36,59.6
나이트발드,2026-09-24 10:00,2026-09-24 11:04:59,65.0
시어,2026-09-24 10:00,2026-09-24 11:20:59,81.0
아이리스,2026-09-24 10:00,2026-09-24 11:25:30,85.5
리치,2026-09-24 10:00,2026-09-24 11:57:12,117.2
에이션트자이언트,2026-09-24 10:30,2026-09-24 12:59:46,149.8
사신,2026-09-24 13:30,2026-09-24 14:07:15,37.2
시어,2026-09-24 13:30,2026-09-24 14:13:45,43.8
좀비로드,2026-09-24 13:30,2026-09-24 14:17:48,47.8
데스나이트,2026-09-24 14:00,2026-09-24 14:23:33,23.6
리치,2026-09-24 13:30,2026-09-24 14:23:52,53.9
좀비로드,2026-09-24 13:30,2026-09-24 14:24:07,54.1
머미로드,2026-09-24 13:30,2026-09-24 14:34:18,64.3
뱀파이어,2026-09-24 13:30,2026-09-24 14:34:21,64.3
쿠거,2026-09-24 13:30,2026-09-24 14:35:35,65.6
나이트발드,2026-09-24 13:30,2026-09-24 14:42:08,72.1
아이리스,2026-09-24 13:30,2026-09-24 14:51:11,81.2
에이션트자이언트,2026-09-24 14:30,2026-09-24 15:41:34,71.6
좀비로드,2026-09-24 17:00,2026-09-24 17:34:31,34.5
머미로드,2026-09-24 17:00,2026-09-24 17:38:38,38.6
시어,2026-09-24 17:00,2026-09-24 17:40:21,40.4
사신,2026-09-24 17:00,2026-09-24 17:41:23,41.4
뱀파이어,2026-09-24 17:00,2026-09-24 17:41:56,41.9
쿠거,2026-09-24 17:00,2026-09-24 17:43:02,43.0
아이리스,2026-09-24 17:00,2026-09-24 17:45:02,45.0
리치,2026-09-24 17:00,2026-09-24 18:02:40,62.7
나이트발드,2026-09-24 17:00,2026-09-24 18:05:16,65.3
에이션트자이언트,2026-09-24 18:30,2026-09-24 19:24:44,54.7
데스나이트,2026-09-24 18:30,2026-09-24 19:30:48,60.8
좀비로드,2026-09-24 20:30,2026-09-24 20:44:18,14.3
시어,2026-09-24 20:30,2026-09-24 21:00:07,30.1
나이트발드,2026-09-24 20:30,2026-09-24 21:05:22,35.4
머미로드,2026-09-24 20:30,2026-09-24 21:27:29,57.5
아이리스,2026-09-24 20:30,2026-09-24 21:31:00,61.0
뱀파이어,2026-09-24 20:30,2026-09-24 21:51:44,81.7
사신,2026-09-24 20:30,2026-09-24 21:59:37,89.6
쿠거,2026-09-24 20:30,2026-09-24 22:03:01,93.0
리치,2026-09-24 20:30,2026-09-24 22:20:03,110.0
데스나이트,2026-09-24 23:00,2026-09-24 23:23:15,23.2
에이션트자이언트,2026-09-24 22:30,2026-09-24 23:51:37,81.6
뱀파이어,2026-09-25 00:00,2026-09-25 00:34:00,34.0
머미로드,2026-09-25 00:00,2026-09-25 00:34:15,34.2
나이트발드,2026-09-25 00:00,2026-09-25 00:38:59,39.0
쿠거,2026-09-25 00:00,2026-09-25 00:49:21,49.4
아이리스,2026-09-25 00:00,2026-09-25 00:55:44,55.7
시어,2026-09-25 00:00,2026-09-25 01:06:55,66.9
좀비로드,2026-09-25 00:00,2026-09-25 01:07:21,67.3
리치,2026-09-25 00:00,2026-09-25 01:11:20,71.3
사신,2026-09-25 00:00,2026-09-25 01:27:36,87.6
데스나이트,2026-09-25 03:30,2026-09-25 04:08:31,38.5
시어,2026-09-25 03:30,2026-09-25 04:24:16,54.3
나이트발드,2026-09-25 03:30,2026-09-25 04:33:58,64.0
좀비로드,2026-09-25 03:30,2026-09-25 04:45:19,75.3
쿠거,2026-09-25 03:30,2026-09-25 04:45:26,75.4
에이션트자이언트,2026-09-25 02:30,2026-09-25 04:48:13,138.2
리치,2026-09-25 03:30,2026-09-25 04:57:22,87.4
머미로드,2026-09-25 03:30,2026-09-25 05:00:41,90.7
뱀파이어,2026-09-25 03:30,2026-09-25 05:01:05,91.1
아이리스,2026-09-25 03:30,2026-09-25 05:02:09,92.2
사신,2026-09-25 03:30,2026-09-25 05:04:56,94.9
쿠거,2026-09-25 03:30,2026-09-25 06:20:05,170.1
좀비로드,2026-09-25 07:00,2026-09-25 07:17:11,17.2
뱀파이어,2026-09-25 07:00,2026-09-25 07:19:37,19.6
에이션트자이언트,2026-09-25 06:30,2026-09-25 07:27:34,57.6
나이트발드,2026-09-25 07:00,2026-09-25 07:29:01,29.0
아이리스,2026-09-25 07:00,2026-09-25 07:42:14,42.2
머미로드,2026-09-25 07:00,2026-09-25 07:53:16,53.3
쿠거,2026-09-25 07:00,2026-09-25 08:01:07,61.1
에이션트자이언트,2026-09-25 06:30,2026-09-25 08:21:14,111.2
시어,2026-09-25 08:30,2026-09-25 08:50:46,20.8
좀비로드,2026-09-25 08:30,2026-09-25 09:42:03,72.0
머미로드,2026-09-25 08:30,2026-09-25 09:48:07,78.1
아이리스,2026-09-25 08:30,2026-09-25 09:50:31,80.5
쿠거,2026-09-25 08:30,2026-09-25 10:06:32,96.5
나이트발드,2026-09-25 08:30,2026-09-25 10:06:32,96.5
뱀파이어,2026-09-25 08:30,2026-09-25 10:10:16,100.3
사신,2026-09-25 08:30,2026-09-25 10:12:57,103.0
리치,2026-09-25 08:30,2026-09-25 10:54:24,144.4
나이트발드,2026-09-25 12:00,2026-09-25 12:41:34,41.6
시어,2026-09-25 12:00,2026-09-25 12:43:40,43.7
머미로드,2026-09-25 12:00,2026-09-25 12:51:12,51.2
아이리스,2026-09-25 12:00,2026-09-25 12:59:20,59.3
뱀파이어,2026-09-25 12:00,2026-09-25 13:04:37,64.6
리치,2026-09-25 12:00,2026-09-25 13:21:32,81.5
좀비로드,2026-09-25 12:00,2026-09-25 13:26:54,86.9
쿠거,2026-09-25 12:00,2026-09-25 13:29:51,89.8
뱀파이어,2026-09-25 12:00,2026-09-25 14:17:57,137.9
나이트발드,2026-09-25 15:30,2026-09-25 15:50:59,21.0
시어,2026-09-25 15:30,2026-09-25 15:51:36,21.6
아이리스,2026-09-25 15:30,2026-09-25 16:09:27,39.5
머미로드,2026-09-25 15:30,2026-09-25 16:14:16,44.3
좀비로드,2026-09-25 15:30,2026-09-25 16:26:43,56.7
뱀파이어,2026-09-25 15:30,2026-09-25 16:27:47,57.8
쿠거,2026-09-25 15:30,2026-09-25 16:35:32,65.5
리치,2026-09-25 15:30,2026-09-25 17:12:47,102.8
사신,2026-09-25 15:30,2026-09-25 17:30:24,120.4
사신,2026-09-25 15:30,2026-09-25 17:37:59,128.0
아이리스,2026-09-25 19:00,2026-09-25 19:18:19,18.3
시어,2026-09-25 19:00,2026-09-25 19:53:39,53.6
사신,2026-09-25 19:00,2026-09-25 20:05:27,65.5
나이트발드,2026-09-25 19:00,2026-09-25 20:05:57,66.0
뱀파이어,2026-09-25 19:00,2026-09-25 20:09:49,69.8
리치,2026-09-25 19:00,2026-09-25 20:13:24,73.4
아이리스,2026-09-25 19:00,2026-09-25 20:17:12,77.2
좀비로드,2026-09-25 19:00,2026-09-25 20:17:18,77.3
머미로드,2026-09-25 19:00,2026-09-25 20:25:14,85.2
쿠거,2026-09-25 19:00,2026-09-25 20:38:45,98.8
좀비로드,2026-09-25 22:30,2026-09-25 22:46:09,16.1
쿠거,2026-09-25 22:30,2026-09-25 22:55:40,25.7
뱀파이어,2026-09-25 22:30,2026-09-25 23:02:56,32.9
머미로드,2026-09-25 22:30,2026-09-25 23:06:26,36.4
아이리스,2026-09-25 22:30,2026-09-25 23:13:52,43.9
시어,2026-09-25 22:30,2026-09-25 23:26:47,56.8
사신,2026-09-25 22:30,2026-09-25 23:27:08,57.1
나이트발드,2026-09-25 22:30,2026-09-25 23:34:21,64.3
리치,2026-09-25 22:30,2026-09-25 23:35:11,65.2
머미로드,2026-09-26 01:30,2026-09-26 02:09:01,39.0
쿠거,2026-09-26 01:30,2026-09-26 02:13:09,43.1
시어,2026-09-26 01:30,2026-09-26 02:14:16,44.3
나이트발드,2026-09-26 01:30,2026-09-26 02:17:07,47.1
아이리스,2026-09-26 01:30,2026-09-26 02:22:27,52.5
좀비로드,2026-09-26 01:30,2026-09-26 02:24:41,54.7
리치,2026-09-26 01:30,2026-09-26 02:40:36,70.6
뱀파이어,2026-09-26 01:30,2026-09-26 02:51:48,81.8
사신,2026-09-26 01:30,2026-09-26 03:15:31,105.5
리치,2026-09-26 05:00,2026-09-26 05:41:55,41.9
머미로드,2026-09-26 05:00,2026-09-26 05:55:15,55.2
좀비로드,2026-09-26 05:00,2026-09-26 05:59:07,59.1
쿠거,2026-09-26 05:00,2026-09-26 06:04:20,64.3
시어,2026-09-26 05:00,2026-09-26 06:10:11,70.2
나이트발드,2026-09-26 05:00,2026-09-26 06:12:19,72.3
사신,2026-09-26 05:00,2026-09-26 06:14:35,74.6
아이리스,2026-09-26 05:00,2026-09-26 06:16:01,76.0
뱀파이어,2026-09-26 05:00,2026-09-26 06:31:08,91.1
뱀파이어,2026-09-26 08:30,2026-09-26 09:04:31,34.5
좀비로드,2026-09-26 08:30,2026-09-26 09:45:19,75.3
쿠거,2026-09-26 08:30,2026-09-26 09:49:47,79.8
시어,2026-09-26 08:30,2026-09-26 09:52:39,82.7
나이트발드,2026-09-26 08:30,2026-09-26 09:58:27,88.5
머미로드,2026-09-26 08:30,2026-09-26 10:04:37,94.6
아이리스,2026-09-26 08:30,2026-09-26 10:08:08,98.1
사신,2026-09-26 08:30,2026-09-26 10:08:39,98.7
리치,2026-09-26 08:30,2026-09-26 10:16:49,106.8
시어,2026-09-26 12:00,2026-09-26 12:31:44,31.7
나이트발드,2026-09-26 12:00,2026-09-26 12:42:08,42.1
뱀파이어,2026-09-26 12:00,2026-09-26 12:55:08,55.1
머미로드,2026-09-26 12:00,2026-09-26 13:15:21,75.3
좀비로드,2026-09-26 12:00,2026-09-26 13:23:15,83.2
사신,2026-09-26 12:00,2026-09-26 13:31:54,91.9
쿠거,2026-09-26 12:00,2026-09-26 13:33:16,93.3
아이리스,2026-09-26 12:00,2026-09-26 13:33:36,93.6
좀비로드,2026-09-26 12:00,2026-09-26 14:17:45,137.8
리치,2026-09-26 15:30,2026-09-26 15:33:05,3.1
사신,2026-09-26 15:30,2026-09-26 15:44:19,14.3
시어,2026-09-26 15:30,2026-09-26 16:01:50,31.8
아이리스,2026-09-26 15:30,2026-09-26 16:02:52,32.9
머미로드,2026-09-26 15:30,2026-09-26 16:05:02,35.0
뱀파이어,2026-09-26 15:30,2026-09-26 16:08:54,38.9
쿠거,2026-09-26 15:30,2026-09-26 16:49:46,79.8
리치,2026-09-26 15:30,2026-09-26 16:51:53,81.9
나이트발드,2026-09-26 15:30,2026-09-26 16:54:28,84.5
좀비로드,2026-09-26 15:30,2026-09-26 16:58:20,88.3
